cos_theta_center,cos_theta_det_center,counts,omega
0.0050000000,0.0250000000,0,0.0000000000
0.0050000000,0.0750000000,0,0.0000000000
0.0050000000,0.1250000000,0,0.0000000000
0.0050000000,0.1750000000,0,0.0000000000
0.0050000000,0.2250000000,0,0.0000000000
0.0050000000,0.2750000000,4093,0.0000818600
0.0050000000,0.3250000000,15842,0.0003168400
0.0050000000,0.3750000000,23801,0.0004760200
0.0050000000,0.4250000000,26231,0.0005246200
0.0050000000,0.4750000000,28354,0.0005670800
0.0050000000,0.5250000000,31402,0.0006280400
0.0050000000,0.5750000000,35980,0.0007196000
0.0050000000,0.6250000000,45392,0.0009078400
0.0050000000,0.6750000000,79992,0.0015998400
0.0050000000,0.7250000000,39566,0.0007913200
0.0050000000,0.7750000000,0,0.0000000000
0.0050000000,0.8250000000,0,0.0000000000
0.0050000000,0.8750000000,0,0.0000000000
0.0050000000,0.9250000000,0,0.0000000000
0.0050000000,0.9750000000,0,0.0000000000
0.0150000000,0.0250000000,0,0.0000000000
0.0150000000,0.0750000000,0,0.0000000000
0.0150000000,0.1250000000,0,0.0000000000
0.0150000000,0.1750000000,0,0.0000000000
0.0150000000,0.2250000000,0,0.0000000000
0.0150000000,0.2750000000,4143,0.0000828600
0.0150000000,0.3250000000,15730,0.0003146000
0.0150000000,0.3750000000,23852,0.0004770400
0.0150000000,0.4250000000,26115,0.0005223000
0.0150000000,0.4750000000,27882,0.0005576400
0.0150000000,0.5250000000,31353,0.0006270600
0.0150000000,0.5750000000,36112,0.0007222400
0.0150000000,0.6250000000,45405,0.0009081000
0.0150000000,0.6750000000,86307,0.0017261400
0.0150000000,0.7250000000,33622,0.0006724400
0.0150000000,0.7750000000,0,0.0000000000
0.0150000000,0.8250000000,0,0.0000000000
0.0150000000,0.8750000000,0,0.0000000000
0.0150000000,0.9250000000,0,0.0000000000
0.0150000000,0.9750000000,0,0.0000000000
0.0250000000,0.0250000000,0,0.0000000000
0.0250000000,0.0750000000,0,0.0000000000
0.0250000000,0.1250000000,0,0.0000000000
0.0250000000,0.1750000000,0,0.0000000000
0.0250000000,0.2250000000,0,0.0000000000
0.0250000000,0.2750000000,4043,0.0000808600
0.0250000000,0.3250000000,15836,0.0003167200
0.0250000000,0.3750000000,23744,0.0004748800
0.0250000000,0.4250000000,26471,0.0005294200
0.0250000000,0.4750000000,28433,0.0005686600
0.0250000000,0.5250000000,31558,0.0006311600
0.0250000000,0.5750000000,36253,0.0007250600
0.0250000000,0.6250000000,46437,0.0009287400
0.0250000000,0.6750000000,78404,0.0015680800
0.0250000000,0.7250000000,39564,0.0007912800
0.0250000000,0.7750000000,0,0.0000000000
0.0250000000,0.8250000000,0,0.0000000000
0.0250000000,0.8750000000,0,0.0000000000
0.0250000000,0.9250000000,0,0.0000000000
0.0250000000,0.9750000000,0,0.0000000000
0.0350000000,0.0250000000,0,0.0000000000
0.0350000000,0.0750000000,0,0.0000000000
0.0350000000,0.1250000000,0,0.0000000000
0.0350000000,0.1750000000,0,0.0000000000
0.0350000000,0.2250000000,0,0.0000000000
0.0350000000,0.2750000000,4057,0.0000811400
0.0350000000,0.3250000000,15877,0.0003175400
0.0350000000,0.3750000000,23389,0.0004677800
0.0350000000,0.4250000000,26428,0.0005285600
0.0350000000,0.4750000000,28329,0.0005665800
0.0350000000,0.5250000000,31756,0.0006351200
0.0350000000,0.5750000000,36371,0.0007274200
0.0350000000,0.6250000000,47129,0.0009425800
0.0350000000,0.6750000000,71432,0.0014286400
0.0350000000,0.7250000000,45525,0.0009105000
0.0350000000,0.7750000000,0,0.0000000000
0.0350000000,0.8250000000,0,0.0000000000
0.0350000000,0.8750000000,0,0.0000000000
0.0350000000,0.9250000000,0,0.0000000000
0.0350000000,0.9750000000,0,0.0000000000
0.0450000000,0.0250000000,0,0.0000000000
0.0450000000,0.0750000000,0,0.0000000000
0.0450000000,0.1250000000,0,0.0000000000
0.0450000000,0.1750000000,0,0.0000000000
0.0450000000,0.2250000000,0,0.0000000000
0.0450000000,0.2750000000,4142,0.0000828400
0.0450000000,0.3250000000,15812,0.0003162400
0.0450000000,0.3750000000,23427,0.0004685400
0.0450000000,0.4250000000,26297,0.0005259400
0.0450000000,0.4750000000,28437,0.0005687400
0.0450000000,0.5250000000,31629,0.0006325800
0.0450000000,0.5750000000,36415,0.0007283000
0.0450000000,0.6250000000,48575,0.0009715000
0.0450000000,0.6750000000,64153,0.0012830600
0.0450000000,0.7250000000,50644,0.0010128800
0.0450000000,0.7750000000,0,0.0000000000
0.0450000000,0.8250000000,0,0.0000000000
0.0450000000,0.8750000000,0,0.0000000000
0.0450000000,0.9250000000,0,0.0000000000
0.0450000000,0.9750000000,0,0.0000000000
0.0550000000,0.0250000000,0,0.0000000000
0.0550000000,0.0750000000,0,0.0000000000
0.0550000000,0.1250000000,0,0.0000000000
0.0550000000,0.1750000000,0,0.0000000000
0.0550000000,0.2250000000,0,0.0000000000
0.0550000000,0.2750000000,4168,0.0000833600
0.0550000000,0.3250000000,15898,0.0003179600
0.0550000000,0.3750000000,23726,0.0004745200
0.0550000000,0.4250000000,26305,0.0005261000
0.0550000000,0.4750000000,28568,0.0005713600
0.0550000000,0.5250000000,31527,0.0006305400
0.0550000000,0.5750000000,36935,0.0007387000
0.0550000000,0.6250000000,50254,0.0010050800
0.0550000000,0.6750000000,56809,0.0011361800
0.0550000000,0.7250000000,55152,0.0011030400
0.0550000000,0.7750000000,0,0.0000000000
0.0550000000,0.8250000000,0,0.0000000000
0.0550000000,0.8750000000,0,0.0000000000
0.0550000000,0.9250000000,0,0.0000000000
0.0550000000,0.9750000000,0,0.0000000000
0.0650000000,0.0250000000,0,0.0000000000
0.0650000000,0.0750000000,0,0.0000000000
0.0650000000,0.1250000000,0,0.0000000000
0.0650000000,0.1750000000,0,0.0000000000
0.0650000000,0.2250000000,0,0.0000000000
0.0650000000,0.2750000000,4185,0.0000837000
0.0650000000,0.3250000000,15548,0.0003109600
0.0650000000,0.3750000000,23534,0.0004706800
0.0650000000,0.4250000000,26190,0.0005238000
0.0650000000,0.4750000000,28260,0.0005652000
0.0650000000,0.5250000000,31903,0.0006380600
0.0650000000,0.5750000000,37665,0.0007533000
0.0650000000,0.6250000000,54027,0.0010805400
0.0650000000,0.6750000000,47823,0.0009564600
0.0650000000,0.7250000000,50491,0.0010098200
0.0650000000,0.7750000000,9073,0.0001814600
0.0650000000,0.8250000000,0,0.0000000000
0.0650000000,0.8750000000,0,0.0000000000
0.0650000000,0.9250000000,0,0.0000000000
0.0650000000,0.9750000000,0,0.0000000000
0.0750000000,0.0250000000,0,0.0000000000
0.0750000000,0.0750000000,0,0.0000000000
0.0750000000,0.1250000000,0,0.0000000000
0.0750000000,0.1750000000,0,0.0000000000
0.0750000000,0.2250000000,0,0.0000000000
0.0750000000,0.2750000000,4023,0.0000804600
0.0750000000,0.3250000000,15545,0.0003109000
0.0750000000,0.3750000000,23044,0.0004608800
0.0750000000,0.4250000000,26017,0.0005203400
0.0750000000,0.4750000000,28262,0.0005652400
0.0750000000,0.5250000000,31869,0.0006373800
0.0750000000,0.5750000000,38063,0.0007612600
0.0750000000,0.6250000000,62528,0.0012505600
0.0750000000,0.6750000000,33046,0.0006609200
0.0750000000,0.7250000000,40188,0.0008037600
0.0750000000,0.7750000000,23721,0.0004744200
0.0750000000,0.8250000000,0,0.0000000000
0.0750000000,0.8750000000,0,0.0000000000
0.0750000000,0.9250000000,0,0.0000000000
0.0750000000,0.9750000000,0,0.0000000000
0.0850000000,0.0250000000,0,0.0000000000
0.0850000000,0.0750000000,0,0.0000000000
0.0850000000,0.1250000000,0,0.0000000000
0.0850000000,0.1750000000,0,0.0000000000
0.0850000000,0.2250000000,0,0.0000000000
0.0850000000,0.2750000000,4088,0.0000817600
0.0850000000,0.3250000000,15662,0.0003132400
0.0850000000,0.3750000000,22960,0.0004592000
0.0850000000,0.4250000000,25944,0.0005188800
0.0850000000,0.4750000000,28706,0.0005741200
0.0850000000,0.5250000000,31915,0.0006383000
0.0850000000,0.5750000000,38947,0.0007789400
0.0850000000,0.6250000000,67150,0.0013430000
0.0850000000,0.6750000000,23014,0.0004602800
0.0850000000,0.7250000000,35675,0.0007135000
0.0850000000,0.7750000000,31518,0.0006303600
0.0850000000,0.8250000000,0,0.0000000000
0.0850000000,0.8750000000,0,0.0000000000
0.0850000000,0.9250000000,0,0.0000000000
0.0850000000,0.9750000000,0,0.0000000000
0.0950000000,0.0250000000,0,0.0000000000
0.0950000000,0.0750000000,0,0.0000000000
0.0950000000,0.1250000000,0,0.0000000000
0.0950000000,0.1750000000,0,0.0000000000
0.0950000000,0.2250000000,0,0.0000000000
0.0950000000,0.2750000000,4262,0.0000852400
0.0950000000,0.3250000000,15164,0.0003032800
0.0950000000,0.3750000000,22699,0.0004539800
0.0950000000,0.4250000000,25998,0.0005199600
0.0950000000,0.4750000000,28280,0.0005656000
0.0950000000,0.5250000000,32386,0.0006477200
0.0950000000,0.5750000000,39884,0.0007976800
0.0950000000,0.6250000000,61524,0.0012304800
0.0950000000,0.6750000000,22495,0.0004499000
0.0950000000,0.7250000000,32421,0.0006484200
0.0950000000,0.7750000000,38077,0.0007615400
0.0950000000,0.8250000000,0,0.0000000000
0.0950000000,0.8750000000,0,0.0000000000
0.0950000000,0.9250000000,0,0.0000000000
0.0950000000,0.9750000000,0,0.0000000000
0.1050000000,0.0250000000,0,0.0000000000
0.1050000000,0.0750000000,0,0.0000000000
0.1050000000,0.1250000000,0,0.0000000000
0.1050000000,0.1750000000,0,0.0000000000
0.1050000000,0.2250000000,1,0.0000000200
0.1050000000,0.2750000000,4295,0.0000859000
0.1050000000,0.3250000000,15240,0.0003048000
0.1050000000,0.3750000000,22610,0.0004522000
0.1050000000,0.4250000000,25627,0.0005125400
0.1050000000,0.4750000000,28286,0.0005657200
0.1050000000,0.5250000000,32208,0.0006441600
0.1050000000,0.5750000000,40745,0.0008149000
0.1050000000,0.6250000000,56821,0.0011364200
0.1050000000,0.6750000000,21727,0.0004345400
0.1050000000,0.7250000000,30545,0.0006109000
0.1050000000,0.7750000000,43795,0.0008759000
0.1050000000,0.8250000000,0,0.0000000000
0.1050000000,0.8750000000,0,0.0000000000
0.1050000000,0.9250000000,0,0.0000000000
0.1050000000,0.9750000000,0,0.0000000000
0.1150000000,0.0250000000,0,0.0000000000
0.1150000000,0.0750000000,0,0.0000000000
0.1150000000,0.1250000000,0,0.0000000000
0.1150000000,0.1750000000,0,0.0000000000
0.1150000000,0.2250000000,7,0.0000001400
0.1150000000,0.2750000000,4134,0.0000826800
0.1150000000,0.3250000000,15086,0.0003017200
0.1150000000,0.3750000000,22320,0.0004464000
0.1150000000,0.4250000000,25847,0.0005169400
0.1150000000,0.4750000000,28686,0.0005737200
0.1150000000,0.5250000000,32804,0.0006560800
0.1150000000,0.5750000000,42932,0.0008586400
0.1150000000,0.6250000000,50200,0.0010040000
0.1150000000,0.6750000000,21242,0.0004248400
0.1150000000,0.7250000000,28834,0.0005766800
0.1150000000,0.7750000000,48429,0.0009685800
0.1150000000,0.8250000000,0,0.0000000000
0.1150000000,0.8750000000,0,0.0000000000
0.1150000000,0.9250000000,0,0.0000000000
0.1150000000,0.9750000000,0,0.0000000000
0.1250000000,0.0250000000,0,0.0000000000
0.1250000000,0.0750000000,0,0.0000000000
0.1250000000,0.1250000000,0,0.0000000000
0.1250000000,0.1750000000,0,0.0000000000
0.1250000000,0.2250000000,14,0.0000002800
0.1250000000,0.2750000000,4217,0.0000843400
0.1250000000,0.3250000000,14967,0.0002993400
0.1250000000,0.3750000000,22349,0.0004469800
0.1250000000,0.4250000000,25163,0.0005032600
0.1250000000,0.4750000000,28512,0.0005702400
0.1250000000,0.5250000000,33242,0.0006648400
0.1250000000,0.5750000000,45903,0.0009180600
0.1250000000,0.6250000000,42481,0.0008496200
0.1250000000,0.6750000000,20615,0.0004123000
0.1250000000,0.7250000000,27121,0.0005424200
0.1250000000,0.7750000000,53433,0.0010686600
0.1250000000,0.8250000000,0,0.0000000000
0.1250000000,0.8750000000,0,0.0000000000
0.1250000000,0.9250000000,0,0.0000000000
0.1250000000,0.9750000000,0,0.0000000000
0.1350000000,0.0250000000,0,0.0000000000
0.1350000000,0.0750000000,0,0.0000000000
0.1350000000,0.1250000000,0,0.0000000000
0.1350000000,0.1750000000,0,0.0000000000
0.1350000000,0.2250000000,33,0.0000006600
0.1350000000,0.2750000000,4154,0.0000830800
0.1350000000,0.3250000000,14999,0.0002999800
0.1350000000,0.3750000000,22174,0.0004434800
0.1350000000,0.4250000000,25107,0.0005021400
0.1350000000,0.4750000000,28173,0.0005634600
0.1350000000,0.5250000000,33782,0.0006756400
0.1350000000,0.5750000000,51480,0.0010296000
0.1350000000,0.6250000000,32344,0.0006468800
0.1350000000,0.6750000000,20125,0.0004025000
0.1350000000,0.7250000000,26483,0.0005296600
0.1350000000,0.7750000000,57892,0.0011578400
0.1350000000,0.8250000000,0,0.0000000000
0.1350000000,0.8750000000,0,0.0000000000
0.1350000000,0.9250000000,0,0.0000000000
0.1350000000,0.9750000000,0,0.0000000000
0.1450000000,0.0250000000,0,0.0000000000
0.1450000000,0.0750000000,0,0.0000000000
0.1450000000,0.1250000000,0,0.0000000000
0.1450000000,0.1750000000,0,0.0000000000
0.1450000000,0.2250000000,55,0.0000011000
0.1450000000,0.2750000000,4278,0.0000855600
0.1450000000,0.3250000000,14686,0.0002937200
0.1450000000,0.3750000000,21793,0.0004358600
0.1450000000,0.4250000000,25431,0.0005086200
0.1450000000,0.4750000000,28566,0.0005713200
0.1450000000,0.5250000000,34325,0.0006865000
0.1450000000,0.5750000000,60782,0.0012156400
0.1450000000,0.6250000000,17761,0.0003552200
0.1450000000,0.6750000000,19828,0.0003965600
0.1450000000,0.7250000000,25434,0.0005086800
0.1450000000,0.7750000000,50444,0.0010088800
0.1450000000,0.8250000000,10880,0.0002176000
0.1450000000,0.8750000000,0,0.0000000000
0.1450000000,0.9250000000,0,0.0000000000
0.1450000000,0.9750000000,0,0.0000000000
0.1550000000,0.0250000000,0,0.0000000000
0.1550000000,0.0750000000,0,0.0000000000
0.1550000000,0.1250000000,0,0.0000000000
0.1550000000,0.1750000000,0,0.0000000000
0.1550000000,0.2250000000,56,0.0000011200
0.1550000000,0.2750000000,4142,0.0000828400
0.1550000000,0.3250000000,14670,0.0002934000
0.1550000000,0.3750000000,21163,0.0004232600
0.1550000000,0.4250000000,25238,0.0005047600
0.1550000000,0.4750000000,28856,0.0005771200
0.1550000000,0.5250000000,35206,0.0007041200
0.1550000000,0.5750000000,55780,0.0011156000
0.1550000000,0.6250000000,17116,0.0003423200
0.1550000000,0.6750000000,19678,0.0003935600
0.1550000000,0.7250000000,24497,0.0004899400
0.1550000000,0.7750000000,41325,0.0008265000
0.1550000000,0.8250000000,23944,0.0004788800
0.1550000000,0.8750000000,0,0.0000000000
0.1550000000,0.9250000000,0,0.0000000000
0.1550000000,0.9750000000,0,0.0000000000
0.1650000000,0.0250000000,0,0.0000000000
0.1650000000,0.0750000000,0,0.0000000000
0.1650000000,0.1250000000,0,0.0000000000
0.1650000000,0.1750000000,0,0.0000000000
0.1650000000,0.2250000000,116,0.0000023200
0.1650000000,0.2750000000,4318,0.0000863600
0.1650000000,0.3250000000,14507,0.0002901400
0.1650000000,0.3750000000,21276,0.0004255200
0.1650000000,0.4250000000,25041,0.0005008200
0.1650000000,0.4750000000,28562,0.0005712400
0.1650000000,0.5250000000,36163,0.0007232600
0.1650000000,0.5750000000,50688,0.0010137600
0.1650000000,0.6250000000,16705,0.0003341000
0.1650000000,0.6750000000,18936,0.0003787200
0.1650000000,0.7250000000,23597,0.0004719400
0.1650000000,0.7750000000,36860,0.0007372000
0.1650000000,0.8250000000,32113,0.0006422600
0.1650000000,0.8750000000,0,0.0000000000
0.1650000000,0.9250000000,0,0.0000000000
0.1650000000,0.9750000000,0,0.0000000000
0.1750000000,0.0250000000,0,0.0000000000
0.1750000000,0.0750000000,0,0.0000000000
0.1750000000,0.1250000000,0,0.0000000000
0.1750000000,0.1750000000,0,0.0000000000
0.1750000000,0.2250000000,123,0.0000024600
0.1750000000,0.2750000000,4137,0.0000827400
0.1750000000,0.3250000000,14321,0.0002864200
0.1750000000,0.3750000000,20989,0.0004197800
0.1750000000,0.4250000000,25226,0.0005045200
0.1750000000,0.4750000000,28892,0.0005778400
0.1750000000,0.5250000000,38030,0.0007606000
0.1750000000,0.5750000000,45113,0.0009022600
0.1750000000,0.6250000000,16354,0.0003270800
0.1750000000,0.6750000000,18892,0.0003778400
0.1750000000,0.7250000000,22733,0.0004546600
0.1750000000,0.7750000000,33600,0.0006720000
0.1750000000,0.8250000000,38022,0.0007604400
0.1750000000,0.8750000000,0,0.0000000000
0.1750000000,0.9250000000,0,0.0000000000
0.1750000000,0.9750000000,0,0.0000000000
0.1850000000,0.0250000000,0,0.0000000000
0.1850000000,0.0750000000,0,0.0000000000
0.1850000000,0.1250000000,0,0.0000000000
0.1850000000,0.1750000000,0,0.0000000000
0.1850000000,0.2250000000,158,0.0000031600
0.1850000000,0.2750000000,4148,0.0000829600
0.1850000000,0.3250000000,14338,0.0002867600
0.1850000000,0.3750000000,20740,0.0004148000
0.1850000000,0.4250000000,24805,0.0004961000
0.1850000000,0.4750000000,29612,0.0005922400
0.1850000000,0.5250000000,39864,0.0007972800
0.1850000000,0.5750000000,37775,0.0007555000
0.1850000000,0.6250000000,16201,0.0003240200
0.1850000000,0.6750000000,18260,0.0003652000
0.1850000000,0.7250000000,22024,0.0004404800
0.1850000000,0.7750000000,31706,0.0006341200
0.1850000000,0.8250000000,43543,0.0008708600
0.1850000000,0.8750000000,0,0.0000000000
0.1850000000,0.9250000000,0,0.0000000000
0.1850000000,0.9750000000,0,0.0000000000
0.1950000000,0.0250000000,0,0.0000000000
0.1950000000,0.0750000000,0,0.0000000000
0.1950000000,0.1250000000,0,0.0000000000
0.1950000000,0.1750000000,0,0.0000000000
0.1950000000,0.2250000000,185,0.0000037000
0.1950000000,0.2750000000,4253,0.0000850600
0.1950000000,0.3250000000,14233,0.0002846600
0.1950000000,0.3750000000,20570,0.0004114000
0.1950000000,0.4250000000,24756,0.0004951200
0.1950000000,0.4750000000,29359,0.0005871800
0.1950000000,0.5250000000,44700,0.0008940000
0.1950000000,0.5750000000,28947,0.0005789400
0.1950000000,0.6250000000,16049,0.0003209800
0.1950000000,0.6750000000,18089,0.0003617800
0.1950000000,0.7250000000,21589,0.0004317800
0.1950000000,0.7750000000,29906,0.0005981200
0.1950000000,0.8250000000,47703,0.0009540600
0.1950000000,0.8750000000,0,0.0000000000
0.1950000000,0.9250000000,0,0.0000000000
0.1950000000,0.9750000000,0,0.0000000000
0.2050000000,0.0250000000,0,0.0000000000
0.2050000000,0.0750000000,0,0.0000000000
0.2050000000,0.1250000000,0,0.0000000000
0.2050000000,0.1750000000,0,0.0000000000
0.2050000000,0.2250000000,202,0.0000040400
0.2050000000,0.2750000000,4133,0.0000826600
0.2050000000,0.3250000000,13949,0.0002789800
0.2050000000,0.3750000000,20265,0.0004053000
0.2050000000,0.4250000000,25030,0.0005006000
0.2050000000,0.4750000000,30052,0.0006010400
0.2050000000,0.5250000000,53768,0.0010753600
0.2050000000,0.5750000000,15379,0.0003075800
0.2050000000,0.6250000000,15864,0.0003172800
0.2050000000,0.6750000000,17948,0.0003589600
0.2050000000,0.7250000000,21060,0.0004212000
0.2050000000,0.7750000000,28326,0.0005665200
0.2050000000,0.8250000000,52063,0.0010412600
0.2050000000,0.8750000000,0,0.0000000000
0.2050000000,0.9250000000,0,0.0000000000
0.2050000000,0.9750000000,0,0.0000000000
0.2150000000,0.0250000000,0,0.0000000000
0.2150000000,0.0750000000,0,0.0000000000
0.2150000000,0.1250000000,0,0.0000000000
0.2150000000,0.1750000000,0,0.0000000000
0.2150000000,0.2250000000,213,0.0000042600
0.2150000000,0.2750000000,4126,0.0000825200
0.2150000000,0.3250000000,13739,0.0002747800
0.2150000000,0.3750000000,20263,0.0004052600
0.2150000000,0.4250000000,25157,0.0005031400
0.2150000000,0.4750000000,30630,0.0006126000
0.2150000000,0.5250000000,49394,0.0009878800
0.2150000000,0.5750000000,14435,0.0002887000
0.2150000000,0.6250000000,15935,0.0003187000
0.2150000000,0.6750000000,17816,0.0003563200
0.2150000000,0.7250000000,20763,0.0004152600
0.2150000000,0.7750000000,27075,0.0005415000
0.2150000000,0.8250000000,56493,0.0011298600
0.2150000000,0.8750000000,0,0.0000000000
0.2150000000,0.9250000000,0,0.0000000000
0.2150000000,0.9750000000,0,0.0000000000
0.2250000000,0.0250000000,0,0.0000000000
0.2250000000,0.0750000000,0,0.0000000000
0.2250000000,0.1250000000,0,0.0000000000
0.2250000000,0.1750000000,0,0.0000000000
0.2250000000,0.2250000000,236,0.0000047200
0.2250000000,0.2750000000,3986,0.0000797200
0.2250000000,0.3250000000,13526,0.0002705200
0.2250000000,0.3750000000,20145,0.0004029000
0.2250000000,0.4250000000,24931,0.0004986200
0.2250000000,0.4750000000,31633,0.0006326600
0.2250000000,0.5250000000,43542,0.0008708400
0.2250000000,0.5750000000,14603,0.0002920600
0.2250000000,0.6250000000,15748,0.0003149600
0.2250000000,0.6750000000,17481,0.0003496200
0.2250000000,0.7250000000,20232,0.0004046400
0.2250000000,0.7750000000,26111,0.0005222200
0.2250000000,0.8250000000,59104,0.0011820800
0.2250000000,0.8750000000,706,0.0000141200
0.2250000000,0.9250000000,0,0.0000000000
0.2250000000,0.9750000000,0,0.0000000000
0.2350000000,0.0250000000,0,0.0000000000
0.2350000000,0.0750000000,0,0.0000000000
0.2350000000,0.1250000000,0,0.0000000000
0.2350000000,0.1750000000,0,0.0000000000
0.2350000000,0.2250000000,235,0.0000047000
0.2350000000,0.2750000000,3893,0.0000778600
0.2350000000,0.3250000000,13078,0.0002615600
0.2350000000,0.3750000000,19803,0.0003960600
0.2350000000,0.4250000000,24960,0.0004992000
0.2350000000,0.4750000000,33052,0.0006610400
0.2350000000,0.5250000000,38258,0.0007651600
0.2350000000,0.5750000000,14319,0.0002863800
0.2350000000,0.6250000000,15474,0.0003094800
0.2350000000,0.6750000000,17538,0.0003507600
0.2350000000,0.7250000000,19992,0.0003998400
0.2350000000,0.7750000000,25180,0.0005036000
0.2350000000,0.8250000000,47754,0.0009550800
0.2350000000,0.8750000000,15501,0.0003100200
0.2350000000,0.9250000000,0,0.0000000000
0.2350000000,0.9750000000,0,0.0000000000
0.2450000000,0.0250000000,0,0.0000000000
0.2450000000,0.0750000000,0,0.0000000000
0.2450000000,0.1250000000,0,0.0000000000
0.2450000000,0.1750000000,0,0.0000000000
0.2450000000,0.2250000000,202,0.0000040400
0.2450000000,0.2750000000,3922,0.0000784400
0.2450000000,0.3250000000,13091,0.0002618200
0.2450000000,0.3750000000,19635,0.0003927000
0.2450000000,0.4250000000,25367,0.0005073400
0.2450000000,0.4750000000,35518,0.0007103600
0.2450000000,0.5250000000,31981,0.0006396200
0.2450000000,0.5750000000,14220,0.0002844000
0.2450000000,0.6250000000,15419,0.0003083800
0.2450000000,0.6750000000,17046,0.0003409200
0.2450000000,0.7250000000,19555,0.0003911000
0.2450000000,0.7750000000,24575,0.0004915000
0.2450000000,0.8250000000,40779,0.0008155800
0.2450000000,0.8750000000,25401,0.0005080200
0.2450000000,0.9250000000,0,0.0000000000
0.2450000000,0.9750000000,0,0.0000000000
0.2550000000,0.0250000000,0,0.0000000000
0.2550000000,0.0750000000,0,0.0000000000
0.2550000000,0.1250000000,0,0.0000000000
0.2550000000,0.1750000000,0,0.0000000000
0.2550000000,0.2250000000,159,0.0000031800
0.2550000000,0.2750000000,3727,0.0000745400
0.2550000000,0.3250000000,12920,0.0002584000
0.2550000000,0.3750000000,19538,0.0003907600
0.2550000000,0.4250000000,25461,0.0005092200
0.2550000000,0.4750000000,40416,0.0008083200
0.2550000000,0.5250000000,21828,0.0004365600
0.2550000000,0.5750000000,14395,0.0002879000
0.2550000000,0.6250000000,15156,0.0003031200
0.2550000000,0.6750000000,16965,0.0003393000
0.2550000000,0.7250000000,19298,0.0003859600
0.2550000000,0.7750000000,23805,0.0004761000
0.2550000000,0.8250000000,37231,0.0007446200
0.2550000000,0.8750000000,32490,0.0006498000
0.2550000000,0.9250000000,0,0.0000000000
0.2550000000,0.9750000000,0,0.0000000000
0.2650000000,0.0250000000,0,0.0000000000
0.2650000000,0.0750000000,0,0.0000000000
0.2650000000,0.1250000000,0,0.0000000000
0.2650000000,0.1750000000,0,0.0000000000
0.2650000000,0.2250000000,125,0.0000025000
0.2650000000,0.2750000000,3488,0.0000697600
0.2650000000,0.3250000000,12315,0.0002463000
0.2650000000,0.3750000000,19289,0.0003857800
0.2650000000,0.4250000000,25683,0.0005136600
0.2650000000,0.4750000000,44519,0.0008903800
0.2650000000,0.5250000000,13402,0.0002680400
0.2650000000,0.5750000000,14195,0.0002839000
0.2650000000,0.6250000000,15226,0.0003045200
0.2650000000,0.6750000000,16923,0.0003384600
0.2650000000,0.7250000000,18966,0.0003793200
0.2650000000,0.7750000000,23157,0.0004631400
0.2650000000,0.8250000000,34031,0.0006806200
0.2650000000,0.8750000000,37847,0.0007569400
0.2650000000,0.9250000000,0,0.0000000000
0.2650000000,0.9750000000,0,0.0000000000
0.2750000000,0.0250000000,0,0.0000000000
0.2750000000,0.0750000000,0,0.0000000000
0.2750000000,0.1250000000,0,0.0000000000
0.2750000000,0.1750000000,0,0.0000000000
0.2750000000,0.2250000000,66,0.0000013200
0.2750000000,0.2750000000,3392,0.0000678400
0.2750000000,0.3250000000,11998,0.0002399600
0.2750000000,0.3750000000,19213,0.0003842600
0.2750000000,0.4250000000,26254,0.0005250800
0.2750000000,0.4750000000,39946,0.0007989200
0.2750000000,0.5250000000,13518,0.0002703600
0.2750000000,0.5750000000,14138,0.0002827600
0.2750000000,0.6250000000,14942,0.0002988400
0.2750000000,0.6750000000,16581,0.0003316200
0.2750000000,0.7250000000,18768,0.0003753600
0.2750000000,0.7750000000,22809,0.0004561800
0.2750000000,0.8250000000,32663,0.0006532600
0.2750000000,0.8750000000,43006,0.0008601200
0.2750000000,0.9250000000,0,0.0000000000
0.2750000000,0.9750000000,0,0.0000000000
0.2850000000,0.0250000000,0,0.0000000000
0.2850000000,0.0750000000,0,0.0000000000
0.2850000000,0.1250000000,0,0.0000000000
0.2850000000,0.1750000000,0,0.0000000000
0.2850000000,0.2250000000,27,0.0000005400
0.2850000000,0.2750000000,3061,0.0000612200
0.2850000000,0.3250000000,11928,0.0002385600
0.2850000000,0.3750000000,19262,0.0003852400
0.2850000000,0.4250000000,26880,0.0005376000
0.2850000000,0.4750000000,35098,0.0007019600
0.2850000000,0.5250000000,13305,0.0002661000
0.2850000000,0.5750000000,14002,0.0002800400
0.2850000000,0.6250000000,15302,0.0003060400
0.2850000000,0.6750000000,16606,0.0003321200
0.2850000000,0.7250000000,18588,0.0003717600
0.2850000000,0.7750000000,22188,0.0004437600
0.2850000000,0.8250000000,30662,0.0006132400
0.2850000000,0.8750000000,47390,0.0009478000
0.2850000000,0.9250000000,0,0.0000000000
0.2850000000,0.9750000000,0,0.0000000000
0.2950000000,0.0250000000,0,0.0000000000
0.2950000000,0.0750000000,0,0.0000000000
0.2950000000,0.1250000000,0,0.0000000000
0.2950000000,0.1750000000,0,0.0000000000
0.2950000000,0.2250000000,0,0.0000000000
0.2950000000,0.2750000000,2731,0.0000546200
0.2950000000,0.3250000000,11570,0.0002314000
0.2950000000,0.3750000000,18882,0.0003776400
0.2950000000,0.4250000000,27926,0.0005585200
0.2950000000,0.4750000000,29717,0.0005943400
0.2950000000,0.5250000000,13480,0.0002696000
0.2950000000,0.5750000000,14105,0.0002821000
0.2950000000,0.6250000000,15056,0.0003011200
0.2950000000,0.6750000000,16086,0.0003217200
0.2950000000,0.7250000000,18141,0.0003628200
0.2950000000,0.7750000000,21720,0.0004344000
0.2950000000,0.8250000000,29116,0.0005823200
0.2950000000,0.8750000000,50633,0.0010126600
0.2950000000,0.9250000000,0,0.0000000000
0.2950000000,0.9750000000,0,0.0000000000
0.3050000000,0.0250000000,0,0.0000000000
0.3050000000,0.0750000000,0,0.0000000000
0.3050000000,0.1250000000,0,0.0000000000
0.3050000000,0.1750000000,0,0.0000000000
0.3050000000,0.2250000000,0,0.0000000000
0.3050000000,0.2750000000,2551,0.0000510200
0.3050000000,0.3250000000,11110,0.0002222000
0.3050000000,0.3750000000,18851,0.0003770200
0.3050000000,0.4250000000,30094,0.0006018800
0.3050000000,0.4750000000,23859,0.0004771800
0.3050000000,0.5250000000,13300,0.0002660000
0.3050000000,0.5750000000,13995,0.0002799000
0.3050000000,0.6250000000,14898,0.0002979600
0.3050000000,0.6750000000,16236,0.0003247200
0.3050000000,0.7250000000,18049,0.0003609800
0.3050000000,0.7750000000,21176,0.0004235200
0.3050000000,0.8250000000,28185,0.0005637000
0.3050000000,0.8750000000,54491,0.0010898200
0.3050000000,0.9250000000,0,0.0000000000
0.3050000000,0.9750000000,0,0.0000000000
0.3150000000,0.0250000000,0,0.0000000000
0.3150000000,0.0750000000,0,0.0000000000
0.3150000000,0.1250000000,0,0.0000000000
0.3150000000,0.1750000000,0,0.0000000000
0.3150000000,0.2250000000,0,0.0000000000
0.3150000000,0.2750000000,2226,0.0000445200
0.3150000000,0.3250000000,10876,0.0002175200
0.3150000000,0.3750000000,18878,0.0003775600
0.3150000000,0.4250000000,35338,0.0007067600
0.3150000000,0.4750000000,14324,0.0002864800
0.3150000000,0.5250000000,13297,0.0002659400
0.3150000000,0.5750000000,13997,0.0002799400
0.3150000000,0.6250000000,14658,0.0002931600
0.3150000000,0.6750000000,16195,0.0003239000
0.3150000000,0.7250000000,18095,0.0003619000
0.3150000000,0.7750000000,20882,0.0004176400
0.3150000000,0.8250000000,27445,0.0005489000
0.3150000000,0.8750000000,57977,0.0011595400
0.3150000000,0.9250000000,0,0.0000000000
0.3150000000,0.9750000000,0,0.0000000000
0.3250000000,0.0250000000,0,0.0000000000
0.3250000000,0.0750000000,0,0.0000000000
0.3250000000,0.1250000000,0,0.0000000000
0.3250000000,0.1750000000,0,0.0000000000
0.3250000000,0.2250000000,0,0.0000000000
0.3250000000,0.2750000000,1971,0.0000394200
0.3250000000,0.3250000000,10586,0.0002117200
0.3250000000,0.3750000000,18648,0.0003729600
0.3250000000,0.4250000000,32865,0.0006573000
0.3250000000,0.4750000000,12844,0.0002568800
0.3250000000,0.5250000000,13378,0.0002675600
0.3250000000,0.5750000000,13919,0.0002783800
0.3250000000,0.6250000000,14790,0.0002958000
0.3250000000,0.6750000000,15786,0.0003157200
0.3250000000,0.7250000000,17714,0.0003542800
0.3250000000,0.7750000000,20741,0.0004148200
0.3250000000,0.8250000000,26689,0.0005337800
0.3250000000,0.8750000000,60079,0.0012015800
0.3250000000,0.9250000000,1001,0.0000200200
0.3250000000,0.9750000000,0,0.0000000000
0.3350000000,0.0250000000,0,0.0000000000
0.3350000000,0.0750000000,0,0.0000000000
0.3350000000,0.1250000000,0,0.0000000000
0.3350000000,0.1750000000,0,0.0000000000
0.3350000000,0.2250000000,0,0.0000000000
0.3350000000,0.2750000000,1731,0.0000346200
0.3350000000,0.3250000000,10020,0.0002004000
0.3350000000,0.3750000000,18970,0.0003794000
0.3350000000,0.4250000000,28764,0.0005752800
0.3350000000,0.4750000000,13089,0.0002617800
0.3350000000,0.5250000000,13037,0.0002607400
0.3350000000,0.5750000000,13746,0.0002749200
0.3350000000,0.6250000000,14650,0.0002930000
0.3350000000,0.6750000000,15854,0.0003170800
0.3350000000,0.7250000000,17591,0.0003518200
0.3350000000,0.7750000000,20371,0.0004074200
0.3350000000,0.8250000000,25748,0.0005149600
0.3350000000,0.8750000000,48938,0.0009787600
0.3350000000,0.9250000000,15106,0.0003021200
0.3350000000,0.9750000000,0,0.0000000000
0.3450000000,0.0250000000,0,0.0000000000
0.3450000000,0.0750000000,0,0.0000000000
0.3450000000,0.1250000000,0,0.0000000000
0.3450000000,0.1750000000,0,0.0000000000
0.3450000000,0.2250000000,0,0.0000000000
0.3450000000,0.2750000000,1736,0.0000347200
0.3450000000,0.3250000000,9652,0.0001930400
0.3450000000,0.3750000000,19068,0.0003813600
0.3450000000,0.4250000000,24487,0.0004897400
0.3450000000,0.4750000000,12868,0.0002573600
0.3450000000,0.5250000000,13343,0.0002668600
0.3450000000,0.5750000000,13827,0.0002765400
0.3450000000,0.6250000000,14574,0.0002914800
0.3450000000,0.6750000000,15921,0.0003184200
0.3450000000,0.7250000000,17403,0.0003480600
0.3450000000,0.7750000000,20100,0.0004020000
0.3450000000,0.8250000000,25078,0.0005015600
0.3450000000,0.8750000000,42427,0.0008485400
0.3450000000,0.9250000000,23848,0.0004769600
0.3450000000,0.9750000000,0,0.0000000000
0.3550000000,0.0250000000,0,0.0000000000
0.3550000000,0.0750000000,0,0.0000000000
0.3550000000,0.1250000000,0,0.0000000000
0.3550000000,0.1750000000,0,0.0000000000
0.3550000000,0.2250000000,0,0.0000000000
0.3550000000,0.2750000000,1785,0.0000357000
0.3550000000,0.3250000000,9158,0.0001831600
0.3550000000,0.3750000000,19528,0.0003905600
0.3550000000,0.4250000000,19983,0.0003996600
0.3550000000,0.4750000000,12817,0.0002563400
0.3550000000,0.5250000000,13368,0.0002673600
0.3550000000,0.5750000000,13833,0.0002766600
0.3550000000,0.6250000000,14688,0.0002937600
0.3550000000,0.6750000000,15772,0.0003154400
0.3550000000,0.7250000000,17232,0.0003446400
0.3550000000,0.7750000000,20113,0.0004022600
0.3550000000,0.8250000000,24717,0.0004943400
0.3550000000,0.8750000000,39137,0.0007827400
0.3550000000,0.9250000000,30460,0.0006092000
0.3550000000,0.9750000000,0,0.0000000000
0.3650000000,0.0250000000,0,0.0000000000
0.3650000000,0.0750000000,0,0.0000000000
0.3650000000,0.1250000000,0,0.0000000000
0.3650000000,0.1750000000,0,0.0000000000
0.3650000000,0.2250000000,0,0.0000000000
0.3650000000,0.2750000000,1904,0.0000380800
0.3650000000,0.3250000000,8775,0.0001755000
0.3650000000,0.3750000000,21779,0.0004355800
0.3650000000,0.4250000000,14322,0.0002864400
0.3650000000,0.4750000000,12686,0.0002537200
0.3650000000,0.5250000000,13286,0.0002657200
0.3650000000,0.5750000000,13942,0.0002788400
0.3650000000,0.6250000000,14471,0.0002894200
0.3650000000,0.6750000000,15543,0.0003108600
0.3650000000,0.7250000000,17056,0.0003411200
0.3650000000,0.7750000000,19749,0.0003949800
0.3650000000,0.8250000000,23940,0.0004788000
0.3650000000,0.8750000000,36302,0.0007260400
0.3650000000,0.9250000000,35875,0.0007175000
0.3650000000,0.9750000000,0,0.0000000000
0.3750000000,0.0250000000,0,0.0000000000
0.3750000000,0.0750000000,0,0.0000000000
0.3750000000,0.1250000000,0,0.0000000000
0.3750000000,0.1750000000,0,0.0000000000
0.3750000000,0.2250000000,0,0.0000000000
0.3750000000,0.2750000000,2040,0.0000408000
0.3750000000,0.3250000000,8468,0.0001693600
0.3750000000,0.3750000000,20297,0.0004059400
0.3750000000,0.4250000000,12426,0.0002485200
0.3750000000,0.4750000000,12930,0.0002586000
0.3750000000,0.5250000000,13244,0.0002648800
0.3750000000,0.5750000000,13807,0.0002761400
0.3750000000,0.6250000000,14517,0.0002903400
0.3750000000,0.6750000000,15718,0.0003143600
0.3750000000,0.7250000000,17079,0.0003415800
0.3750000000,0.7750000000,19233,0.0003846600
0.3750000000,0.8250000000,23760,0.0004752000
0.3750000000,0.8750000000,34534,0.0006906800
0.3750000000,0.9250000000,40086,0.0008017200
0.3750000000,0.9750000000,0,0.0000000000
0.3850000000,0.0250000000,0,0.0000000000
0.3850000000,0.0750000000,0,0.0000000000
0.3850000000,0.1250000000,0,0.0000000000
0.3850000000,0.1750000000,0,0.0000000000
0.3850000000,0.2250000000,0,0.0000000000
0.3850000000,0.2750000000,2186,0.0000437200
0.3850000000,0.3250000000,8108,0.0001621600
0.3850000000,0.3750000000,17143,0.0003428600
0.3850000000,0.4250000000,12472,0.0002494400
0.3850000000,0.4750000000,12771,0.0002554200
0.3850000000,0.5250000000,13172,0.0002634400
0.3850000000,0.5750000000,13542,0.0002708400
0.3850000000,0.6250000000,14424,0.0002884800
0.3850000000,0.6750000000,15404,0.0003080800
0.3850000000,0.7250000000,17088,0.0003417600
0.3850000000,0.7750000000,19192,0.0003838400
0.3850000000,0.8250000000,23138,0.0004627600
0.3850000000,0.8750000000,33373,0.0006674600
0.3850000000,0.9250000000,43990,0.0008798000
0.3850000000,0.9750000000,0,0.0000000000
0.3950000000,0.0250000000,0,0.0000000000
0.3950000000,0.0750000000,0,0.0000000000
0.3950000000,0.1250000000,0,0.0000000000
0.3950000000,0.1750000000,0,0.0000000000
0.3950000000,0.2250000000,0,0.0000000000
0.3950000000,0.2750000000,2289,0.0000457800
0.3950000000,0.3250000000,7946,0.0001589200
0.3950000000,0.3750000000,14344,0.0002868800
0.3950000000,0.4250000000,12565,0.0002513000
0.3950000000,0.4750000000,12976,0.0002595200
0.3950000000,0.5250000000,13283,0.0002656600
0.3950000000,0.5750000000,13720,0.0002744000
0.3950000000,0.6250000000,14409,0.0002881800
0.3950000000,0.6750000000,15431,0.0003086200
0.3950000000,0.7250000000,16886,0.0003377200
0.3950000000,0.7750000000,18960,0.0003792000
0.3950000000,0.8250000000,22693,0.0004538600
0.3950000000,0.8750000000,31764,0.0006352800
0.3950000000,0.9250000000,47762,0.0009552400
0.3950000000,0.9750000000,0,0.0000000000
0.4050000000,0.0250000000,0,0.0000000000
0.4050000000,0.0750000000,0,0.0000000000
0.4050000000,0.1250000000,0,0.0000000000
0.4050000000,0.1750000000,0,0.0000000000
0.4050000000,0.2250000000,0,0.0000000000
0.4050000000,0.2750000000,2552,0.0000510400
0.4050000000,0.3250000000,8015,0.0001603000
0.4050000000,0.3750000000,12168,0.0002433600
0.4050000000,0.4250000000,12716,0.0002543200
0.4050000000,0.4750000000,12920,0.0002584000
0.4050000000,0.5250000000,13379,0.0002675800
0.4050000000,0.5750000000,13830,0.0002766000
0.4050000000,0.6250000000,14364,0.0002872800
0.4050000000,0.6750000000,15235,0.0003047000
0.4050000000,0.7250000000,16487,0.0003297400
0.4050000000,0.7750000000,18892,0.0003778400
0.4050000000,0.8250000000,22079,0.0004415800
0.4050000000,0.8750000000,30484,0.0006096800
0.4050000000,0.9250000000,50861,0.0010172200
0.4050000000,0.9750000000,0,0.0000000000
0.4150000000,0.0250000000,0,0.0000000000
0.4150000000,0.0750000000,0,0.0000000000
0.4150000000,0.1250000000,0,0.0000000000
0.4150000000,0.1750000000,0,0.0000000000
0.4150000000,0.2250000000,0,0.0000000000
0.4150000000,0.2750000000,2746,0.0000549200
0.4150000000,0.3250000000,8146,0.0001629200
0.4150000000,0.3750000000,11404,0.0002280800
0.4150000000,0.4250000000,12658,0.0002531600
0.4150000000,0.4750000000,12892,0.0002578400
0.4150000000,0.5250000000,13132,0.0002626400
0.4150000000,0.5750000000,13978,0.0002795600
0.4150000000,0.6250000000,14370,0.0002874000
0.4150000000,0.6750000000,15380,0.0003076000
0.4150000000,0.7250000000,16731,0.0003346200
0.4150000000,0.7750000000,18655,0.0003731000
0.4150000000,0.8250000000,22021,0.0004404200
0.4150000000,0.8750000000,29644,0.0005928800
0.4150000000,0.9250000000,54339,0.0010867800
0.4150000000,0.9750000000,0,0.0000000000
0.4250000000,0.0250000000,0,0.0000000000
0.4250000000,0.0750000000,0,0.0000000000
0.4250000000,0.1250000000,0,0.0000000000
0.4250000000,0.1750000000,0,0.0000000000
0.4250000000,0.2250000000,0,0.0000000000
0.4250000000,0.2750000000,2792,0.0000558400
0.4250000000,0.3250000000,8187,0.0001637400
0.4250000000,0.3750000000,11258,0.0002251600
0.4250000000,0.4250000000,12662,0.0002532400
0.4250000000,0.4750000000,12893,0.0002578600
0.4250000000,0.5250000000,13367,0.0002673400
0.4250000000,0.5750000000,13826,0.0002765200
0.4250000000,0.6250000000,14386,0.0002877200
0.4250000000,0.6750000000,15366,0.0003073200
0.4250000000,0.7250000000,16888,0.0003377600
0.4250000000,0.7750000000,18686,0.0003737200
0.4250000000,0.8250000000,21812,0.0004362400
0.4250000000,0.8750000000,28771,0.0005754200
0.4250000000,0.9250000000,57035,0.0011407000
0.4250000000,0.9750000000,0,0.0000000000
0.4350000000,0.0250000000,0,0.0000000000
0.4350000000,0.0750000000,0,0.0000000000
0.4350000000,0.1250000000,0,0.0000000000
0.4350000000,0.1750000000,0,0.0000000000
0.4350000000,0.2250000000,0,0.0000000000
0.4350000000,0.2750000000,3083,0.0000616600
0.4350000000,0.3250000000,8465,0.0001693000
0.4350000000,0.3750000000,11451,0.0002290200
0.4350000000,0.4250000000,12787,0.0002557400
0.4350000000,0.4750000000,13080,0.0002616000
0.4350000000,0.5250000000,13424,0.0002684800
0.4350000000,0.5750000000,13626,0.0002725200
0.4350000000,0.6250000000,14375,0.0002875000
0.4350000000,0.6750000000,15336,0.0003067200
0.4350000000,0.7250000000,16586,0.0003317200
0.4350000000,0.7750000000,18522,0.0003704400
0.4350000000,0.8250000000,21540,0.0004308000
0.4350000000,0.8750000000,28013,0.0005602600
0.4350000000,0.9250000000,59455,0.0011891000
0.4350000000,0.9750000000,0,0.0000000000
0.4450000000,0.0250000000,0,0.0000000000
0.4450000000,0.0750000000,0,0.0000000000
0.4450000000,0.1250000000,0,0.0000000000
0.4450000000,0.1750000000,0,0.0000000000
0.4450000000,0.2250000000,0,0.0000000000
0.4450000000,0.2750000000,3267,0.0000653400
0.4450000000,0.3250000000,8533,0.0001706600
0.4450000000,0.3750000000,11589,0.0002317800
0.4450000000,0.4250000000,12611,0.0002522200
0.4450000000,0.4750000000,13129,0.0002625800
0.4450000000,0.5250000000,13231,0.0002646200
0.4450000000,0.5750000000,13887,0.0002777400
0.4450000000,0.6250000000,14481,0.0002896200
0.4450000000,0.6750000000,15297,0.0003059400
0.4450000000,0.7250000000,16467,0.0003293400
0.4450000000,0.7750000000,18259,0.0003651800
0.4450000000,0.8250000000,21324,0.0004264800
0.4450000000,0.8750000000,27154,0.0005430800
0.4450000000,0.9250000000,62412,0.0012482400
0.4450000000,0.9750000000,0,0.0000000000
0.4550000000,0.0250000000,0,0.0000000000
0.4550000000,0.0750000000,0,0.0000000000
0.4550000000,0.1250000000,0,0.0000000000
0.4550000000,0.1750000000,0,0.0000000000
0.4550000000,0.2250000000,1,0.0000000200
0.4550000000,0.2750000000,3561,0.0000712200
0.4550000000,0.3250000000,8683,0.0001736600
0.4550000000,0.3750000000,11930,0.0002386000
0.4550000000,0.4250000000,12776,0.0002555200
0.4550000000,0.4750000000,12848,0.0002569600
0.4550000000,0.5250000000,13561,0.0002712200
0.4550000000,0.5750000000,13865,0.0002773000
0.4550000000,0.6250000000,14427,0.0002885400
0.4550000000,0.6750000000,15307,0.0003061400
0.4550000000,0.7250000000,16578,0.0003315600
0.4550000000,0.7750000000,18448,0.0003689600
0.4550000000,0.8250000000,21328,0.0004265600
0.4550000000,0.8750000000,26599,0.0005319800
0.4550000000,0.9250000000,55393,0.0011078600
0.4550000000,0.9750000000,9579,0.0001915800
0.4650000000,0.0250000000,0,0.0000000000
0.4650000000,0.0750000000,0,0.0000000000
0.4650000000,0.1250000000,0,0.0000000000
0.4650000000,0.1750000000,0,0.0000000000
0.4650000000,0.2250000000,9,0.0000001800
0.4650000000,0.2750000000,3772,0.0000754400
0.4650000000,0.3250000000,8927,0.0001785400
0.4650000000,0.3750000000,11907,0.0002381400
0.4650000000,0.4250000000,12990,0.0002598000
0.4650000000,0.4750000000,13283,0.0002656600
0.4650000000,0.5250000000,13314,0.0002662800
0.4650000000,0.5750000000,13695,0.0002739000
0.4650000000,0.6250000000,14452,0.0002890400
0.4650000000,0.6750000000,15385,0.0003077000
0.4650000000,0.7250000000,16314,0.0003262800
0.4650000000,0.7750000000,18022,0.0003604400
0.4650000000,0.8250000000,21144,0.0004228800
0.4650000000,0.8750000000,26223,0.0005244600
0.4650000000,0.9250000000,47616,0.0009523200
0.4650000000,0.9750000000,19583,0.0003916600
0.4750000000,0.0250000000,0,0.0000000000
0.4750000000,0.0750000000,0,0.0000000000
0.4750000000,0.1250000000,0,0.0000000000
0.4750000000,0.1750000000,0,0.0000000000
0.4750000000,0.2250000000,23,0.0000004600
0.4750000000,0.2750000000,4038,0.0000807600
0.4750000000,0.3250000000,9022,0.0001804400
0.4750000000,0.3750000000,11991,0.0002398200
0.4750000000,0.4250000000,12882,0.0002576400
0.4750000000,0.4750000000,13100,0.0002620000
0.4750000000,0.5250000000,13348,0.0002669600
0.4750000000,0.5750000000,13993,0.0002798600
0.4750000000,0.6250000000,14607,0.0002921400
0.4750000000,0.6750000000,15421,0.0003084200
0.4750000000,0.7250000000,16513,0.0003302600
0.4750000000,0.7750000000,18318,0.0003663600
0.4750000000,0.8250000000,20855,0.0004171000
0.4750000000,0.8750000000,25864,0.0005172800
0.4750000000,0.9250000000,43342,0.0008668400
0.4750000000,0.9750000000,25742,0.0005148400
0.4850000000,0.0250000000,0,0.0000000000
0.4850000000,0.0750000000,0,0.0000000000
0.4850000000,0.1250000000,0,0.0000000000
0.4850000000,0.1750000000,0,0.0000000000
0.4850000000,0.2250000000,69,0.0000013800
0.4850000000,0.2750000000,4294,0.0000858800
0.4850000000,0.3250000000,9318,0.0001863600
0.4850000000,0.3750000000,12214,0.0002442800
0.4850000000,0.4250000000,12913,0.0002582600
0.4850000000,0.4750000000,13139,0.0002627800
0.4850000000,0.5250000000,13341,0.0002668200
0.4850000000,0.5750000000,13742,0.0002748400
0.4850000000,0.6250000000,14595,0.0002919000
0.4850000000,0.6750000000,15207,0.0003041400
0.4850000000,0.7250000000,16391,0.0003278200
0.4850000000,0.7750000000,18187,0.0003637400
0.4850000000,0.8250000000,20601,0.0004120200
0.4850000000,0.8750000000,25432,0.0005086400
0.4850000000,0.9250000000,40799,0.0008159800
0.4850000000,0.9750000000,30443,0.0006088600
0.4950000000,0.0250000000,0,0.0000000000
0.4950000000,0.0750000000,0,0.0000000000
0.4950000000,0.1250000000,0,0.0000000000
0.4950000000,0.1750000000,0,0.0000000000
0.4950000000,0.2250000000,136,0.0000027200
0.4950000000,0.2750000000,4590,0.0000918000
0.4950000000,0.3250000000,9497,0.0001899400
0.4950000000,0.3750000000,12206,0.0002441200
0.4950000000,0.4250000000,12934,0.0002586800
0.4950000000,0.4750000000,13168,0.0002633600
0.4950000000,0.5250000000,13380,0.0002676000
0.4950000000,0.5750000000,13899,0.0002779800
0.4950000000,0.6250000000,14448,0.0002889600
0.4950000000,0.6750000000,15253,0.0003050600
0.4950000000,0.7250000000,16316,0.0003263200
0.4950000000,0.7750000000,17961,0.0003592200
0.4950000000,0.8250000000,20566,0.0004113200
0.4950000000,0.8750000000,24855,0.0004971000
0.4950000000,0.9250000000,38718,0.0007743600
0.4950000000,0.9750000000,34682,0.0006936400
0.5050000000,0.0250000000,0,0.0000000000
0.5050000000,0.0750000000,0,0.0000000000
0.5050000000,0.1250000000,0,0.0000000000
0.5050000000,0.1750000000,0,0.0000000000
0.5050000000,0.2250000000,230,0.0000046000
0.5050000000,0.2750000000,5082,0.0001016400
0.5050000000,0.3250000000,9857,0.0001971400
0.5050000000,0.3750000000,12469,0.0002493800
0.5050000000,0.4250000000,13123,0.0002624600
0.5050000000,0.4750000000,13441,0.0002688200
0.5050000000,0.5250000000,13599,0.0002719800
0.5050000000,0.5750000000,13979,0.0002795800
0.5050000000,0.6250000000,14375,0.0002875000
0.5050000000,0.6750000000,15485,0.0003097000
0.5050000000,0.7250000000,16281,0.0003256200
0.5050000000,0.7750000000,18010,0.0003602000
0.5050000000,0.8250000000,20261,0.0004052200
0.5050000000,0.8750000000,24885,0.0004977000
0.5050000000,0.9250000000,37617,0.0007523400
0.5050000000,0.9750000000,38283,0.0007656600
0.5150000000,0.0250000000,0,0.0000000000
0.5150000000,0.0750000000,0,0.0000000000
0.5150000000,0.1250000000,0,0.0000000000
0.5150000000,0.1750000000,0,0.0000000000
0.5150000000,0.2250000000,318,0.0000063600
0.5150000000,0.2750000000,5486,0.0001097200
0.5150000000,0.3250000000,10060,0.0002012000
0.5150000000,0.3750000000,12669,0.0002533800
0.5150000000,0.4250000000,13090,0.0002618000
0.5150000000,0.4750000000,13265,0.0002653000
0.5150000000,0.5250000000,13402,0.0002680400
0.5150000000,0.5750000000,13935,0.0002787000
0.5150000000,0.6250000000,14677,0.0002935400
0.5150000000,0.6750000000,15366,0.0003073200
0.5150000000,0.7250000000,16260,0.0003252000
0.5150000000,0.7750000000,17929,0.0003585800
0.5150000000,0.8250000000,20353,0.0004070600
0.5150000000,0.8750000000,24598,0.0004919600
0.5150000000,0.9250000000,35948,0.0007189600
0.5150000000,0.9750000000,41211,0.0008242200
0.5250000000,0.0250000000,0,0.0000000000
0.5250000000,0.0750000000,0,0.0000000000
0.5250000000,0.1250000000,0,0.0000000000
0.5250000000,0.1750000000,0,0.0000000000
0.5250000000,0.2250000000,442,0.0000088400
0.5250000000,0.2750000000,5834,0.0001166800
0.5250000000,0.3250000000,10599,0.0002119800
0.5250000000,0.3750000000,12688,0.0002537600
0.5250000000,0.4250000000,13437,0.0002687400
0.5250000000,0.4750000000,13419,0.0002683800
0.5250000000,0.5250000000,13686,0.0002737200
0.5250000000,0.5750000000,13969,0.0002793800
0.5250000000,0.6250000000,14912,0.0002982400
0.5250000000,0.6750000000,15287,0.0003057400
0.5250000000,0.7250000000,16477,0.0003295400
0.5250000000,0.7750000000,17799,0.0003559800
0.5250000000,0.8250000000,20285,0.0004057000
0.5250000000,0.8750000000,24321,0.0004864200
0.5250000000,0.9250000000,34977,0.0006995400
0.5250000000,0.9750000000,44606,0.0008921200
0.5350000000,0.0250000000,0,0.0000000000
0.5350000000,0.0750000000,0,0.0000000000
0.5350000000,0.1250000000,0,0.0000000000
0.5350000000,0.1750000000,0,0.0000000000
0.5350000000,0.2250000000,603,0.0000120600
0.5350000000,0.2750000000,6300,0.0001260000
0.5350000000,0.3250000000,10650,0.0002130000
0.5350000000,0.3750000000,12969,0.0002593800
0.5350000000,0.4250000000,13209,0.0002641800
0.5350000000,0.4750000000,13521,0.0002704200
0.5350000000,0.5250000000,13781,0.0002756200
0.5350000000,0.5750000000,14408,0.0002881600
0.5350000000,0.6250000000,14457,0.0002891400
0.5350000000,0.6750000000,15393,0.0003078600
0.5350000000,0.7250000000,16563,0.0003312600
0.5350000000,0.7750000000,17859,0.0003571800
0.5350000000,0.8250000000,20212,0.0004042400
0.5350000000,0.8750000000,24040,0.0004808000
0.5350000000,0.9250000000,33959,0.0006791800
0.5350000000,0.9750000000,47242,0.0009448400
0.5450000000,0.0250000000,0,0.0000000000
0.5450000000,0.0750000000,0,0.0000000000
0.5450000000,0.1250000000,0,0.0000000000
0.5450000000,0.1750000000,0,0.0000000000
0.5450000000,0.2250000000,821,0.0000164200
0.5450000000,0.2750000000,6601,0.0001320200
0.5450000000,0.3250000000,10873,0.0002174600
0.5450000000,0.3750000000,13046,0.0002609200
0.5450000000,0.4250000000,13331,0.0002666200
0.5450000000,0.4750000000,13676,0.0002735200
0.5450000000,0.5250000000,13905,0.0002781000
0.5450000000,0.5750000000,14138,0.0002827600
0.5450000000,0.6250000000,14707,0.0002941400
0.5450000000,0.6750000000,15279,0.0003055800
0.5450000000,0.7250000000,16501,0.0003300200
0.5450000000,0.7750000000,17903,0.0003580600
0.5450000000,0.8250000000,19827,0.0003965400
0.5450000000,0.8750000000,23867,0.0004773400
0.5450000000,0.9250000000,33285,0.0006657000
0.5450000000,0.9750000000,49225,0.0009845000
0.5550000000,0.0250000000,0,0.0000000000
0.5550000000,0.0750000000,0,0.0000000000
0.5550000000,0.1250000000,0,0.0000000000
0.5550000000,0.1750000000,0,0.0000000000
0.5550000000,0.2250000000,1105,0.0000221000
0.5550000000,0.2750000000,7015,0.0001403000
0.5550000000,0.3250000000,11313,0.0002262600
0.5550000000,0.3750000000,13230,0.0002646000
0.5550000000,0.4250000000,13721,0.0002744200
0.5550000000,0.4750000000,13589,0.0002717800
0.5550000000,0.5250000000,13874,0.0002774800
0.5550000000,0.5750000000,14316,0.0002863200
0.5550000000,0.6250000000,14829,0.0002965800
0.5550000000,0.6750000000,15567,0.0003113400
0.5550000000,0.7250000000,16362,0.0003272400
0.5550000000,0.7750000000,17737,0.0003547400
0.5550000000,0.8250000000,19967,0.0003993400
0.5550000000,0.8750000000,23688,0.0004737600
0.5550000000,0.9250000000,32806,0.0006561200
0.5550000000,0.9750000000,51346,0.0010269200
0.5650000000,0.0250000000,0,0.0000000000
0.5650000000,0.0750000000,0,0.0000000000
0.5650000000,0.1250000000,0,0.0000000000
0.5650000000,0.1750000000,0,0.0000000000
0.5650000000,0.2250000000,1317,0.0000263400
0.5650000000,0.2750000000,7538,0.0001507600
0.5650000000,0.3250000000,11597,0.0002319400
0.5650000000,0.3750000000,13214,0.0002642800
0.5650000000,0.4250000000,13735,0.0002747000
0.5650000000,0.4750000000,13695,0.0002739000
0.5650000000,0.5250000000,13817,0.0002763400
0.5650000000,0.5750000000,14148,0.0002829600
0.5650000000,0.6250000000,14616,0.0002923200
0.5650000000,0.6750000000,15453,0.0003090600
0.5650000000,0.7250000000,16381,0.0003276200
0.5650000000,0.7750000000,18087,0.0003617400
0.5650000000,0.8250000000,20074,0.0004014800
0.5650000000,0.8750000000,23717,0.0004743400
0.5650000000,0.9250000000,32247,0.0006449400
0.5650000000,0.9750000000,53911,0.0010782200
0.5750000000,0.0250000000,0,0.0000000000
0.5750000000,0.0750000000,0,0.0000000000
0.5750000000,0.1250000000,0,0.0000000000
0.5750000000,0.1750000000,0,0.0000000000
0.5750000000,0.2250000000,1644,0.0000328800
0.5750000000,0.2750000000,7986,0.0001597200
0.5750000000,0.3250000000,11891,0.0002378200
0.5750000000,0.3750000000,13492,0.0002698400
0.5750000000,0.4250000000,13911,0.0002782200
0.5750000000,0.4750000000,13944,0.0002788800
0.5750000000,0.5250000000,14030,0.0002806000
0.5750000000,0.5750000000,14547,0.0002909400
0.5750000000,0.6250000000,14899,0.0002979800
0.5750000000,0.6750000000,15518,0.0003103600
0.5750000000,0.7250000000,16666,0.0003333200
0.5750000000,0.7750000000,18080,0.0003616000
0.5750000000,0.8250000000,19682,0.0003936400
0.5750000000,0.8750000000,23542,0.0004708400
0.5750000000,0.9250000000,31630,0.0006326000
0.5750000000,0.9750000000,55519,0.0011103800
0.5850000000,0.0250000000,0,0.0000000000
0.5850000000,0.0750000000,0,0.0000000000
0.5850000000,0.1250000000,0,0.0000000000
0.5850000000,0.1750000000,0,0.0000000000
0.5850000000,0.2250000000,2113,0.0000422600
0.5850000000,0.2750000000,8384,0.0001676800
0.5850000000,0.3250000000,12360,0.0002472000
0.5850000000,0.3750000000,13902,0.0002780400
0.5850000000,0.4250000000,13693,0.0002738600
0.5850000000,0.4750000000,14154,0.0002830800
0.5850000000,0.5250000000,14258,0.0002851600
0.5850000000,0.5750000000,14437,0.0002887400
0.5850000000,0.6250000000,14758,0.0002951600
0.5850000000,0.6750000000,15873,0.0003174600
0.5850000000,0.7250000000,16704,0.0003340800
0.5850000000,0.7750000000,18013,0.0003602600
0.5850000000,0.8250000000,19932,0.0003986400
0.5850000000,0.8750000000,23549,0.0004709800
0.5850000000,0.9250000000,31452,0.0006290400
0.5850000000,0.9750000000,57511,0.0011502200
0.5950000000,0.0250000000,0,0.0000000000
0.5950000000,0.0750000000,0,0.0000000000
0.5950000000,0.1250000000,0,0.0000000000
0.5950000000,0.1750000000,0,0.0000000000
0.5950000000,0.2250000000,2488,0.0000497600
0.5950000000,0.2750000000,8962,0.0001792400
0.5950000000,0.3250000000,12664,0.0002532800
0.5950000000,0.3750000000,14054,0.0002810800
0.5950000000,0.4250000000,14007,0.0002801400
0.5950000000,0.4750000000,14118,0.0002823600
0.5950000000,0.5250000000,14253,0.0002850600
0.5950000000,0.5750000000,14564,0.0002912800
0.5950000000,0.6250000000,15045,0.0003009000
0.5950000000,0.6750000000,15800,0.0003160000
0.5950000000,0.7250000000,16737,0.0003347400
0.5950000000,0.7750000000,17859,0.0003571800
0.5950000000,0.8250000000,19828,0.0003965600
0.5950000000,0.8750000000,23291,0.0004658200
0.5950000000,0.9250000000,31156,0.0006231200
0.5950000000,0.9750000000,59104,0.0011820800
0.6050000000,0.0250000000,0,0.0000000000
0.6050000000,0.0750000000,0,0.0000000000
0.6050000000,0.1250000000,0,0.0000000000
0.6050000000,0.1750000000,0,0.0000000000
0.6050000000,0.2250000000,2928,0.0000585600
0.6050000000,0.2750000000,9575,0.0001915000
0.6050000000,0.3250000000,13042,0.0002608400
0.6050000000,0.3750000000,14241,0.0002848200
0.6050000000,0.4250000000,14164,0.0002832800
0.6050000000,0.4750000000,14260,0.0002852000
0.6050000000,0.5250000000,14474,0.0002894800
0.6050000000,0.5750000000,14646,0.0002929200
0.6050000000,0.6250000000,15168,0.0003033600
0.6050000000,0.6750000000,15677,0.0003135400
0.6050000000,0.7250000000,16788,0.0003357600
0.6050000000,0.7750000000,18078,0.0003615600
0.6050000000,0.8250000000,20071,0.0004014200
0.6050000000,0.8750000000,23329,0.0004665800
0.6050000000,0.9250000000,30439,0.0006087800
0.6050000000,0.9750000000,61170,0.0012234000
0.6150000000,0.0250000000,0,0.0000000000
0.6150000000,0.0750000000,0,0.0000000000
0.6150000000,0.1250000000,0,0.0000000000
0.6150000000,0.1750000000,0,0.0000000000
0.6150000000,0.2250000000,3520,0.0000704000
0.6150000000,0.2750000000,10033,0.0002006600
0.6150000000,0.3250000000,13643,0.0002728600
0.6150000000,0.3750000000,14242,0.0002848400
0.6150000000,0.4250000000,14188,0.0002837600
0.6150000000,0.4750000000,14241,0.0002848200
0.6150000000,0.5250000000,14401,0.0002880200
0.6150000000,0.5750000000,14851,0.0002970200
0.6150000000,0.6250000000,15228,0.0003045600
0.6150000000,0.6750000000,15886,0.0003177200
0.6150000000,0.7250000000,16956,0.0003391200
0.6150000000,0.7750000000,18238,0.0003647600
0.6150000000,0.8250000000,19897,0.0003979400
0.6150000000,0.8750000000,23570,0.0004714000
0.6150000000,0.9250000000,30300,0.0006060000
0.6150000000,0.9750000000,62625,0.0012525000
0.6250000000,0.0250000000,0,0.0000000000
0.6250000000,0.0750000000,0,0.0000000000
0.6250000000,0.1250000000,0,0.0000000000
0.6250000000,0.1750000000,13,0.0000002600
0.6250000000,0.2250000000,4075,0.0000815000
0.6250000000,0.2750000000,10695,0.0002139000
0.6250000000,0.3250000000,14033,0.0002806600
0.6250000000,0.3750000000,14584,0.0002916800
0.6250000000,0.4250000000,14189,0.0002837800
0.6250000000,0.4750000000,14108,0.0002821600
0.6250000000,0.5250000000,14880,0.0002976000
0.6250000000,0.5750000000,14614,0.0002922800
0.6250000000,0.6250000000,15408,0.0003081600
0.6250000000,0.6750000000,15846,0.0003169200
0.6250000000,0.7250000000,16779,0.0003355800
0.6250000000,0.7750000000,18145,0.0003629000
0.6250000000,0.8250000000,20135,0.0004027000
0.6250000000,0.8750000000,23425,0.0004685000
0.6250000000,0.9250000000,30340,0.0006068000
0.6250000000,0.9750000000,63650,0.0012730000
0.6350000000,0.0250000000,0,0.0000000000
0.6350000000,0.0750000000,0,0.0000000000
0.6350000000,0.1250000000,0,0.0000000000
0.6350000000,0.1750000000,68,0.0000013600
0.6350000000,0.2250000000,4629,0.0000925800
0.6350000000,0.2750000000,11551,0.0002310200
0.6350000000,0.3250000000,14154,0.0002830800
0.6350000000,0.3750000000,14807,0.0002961400
0.6350000000,0.4250000000,14646,0.0002929200
0.6350000000,0.4750000000,14595,0.0002919000
0.6350000000,0.5250000000,14906,0.0002981200
0.6350000000,0.5750000000,14973,0.0002994600
0.6350000000,0.6250000000,15504,0.0003100800
0.6350000000,0.6750000000,15765,0.0003153000
0.6350000000,0.7250000000,16952,0.0003390400
0.6350000000,0.7750000000,18317,0.0003663400
0.6350000000,0.8250000000,20113,0.0004022600
0.6350000000,0.8750000000,23562,0.0004712400
0.6350000000,0.9250000000,30408,0.0006081600
0.6350000000,0.9750000000,64944,0.0012988800
0.6450000000,0.0250000000,0,0.0000000000
0.6450000000,0.0750000000,0,0.0000000000
0.6450000000,0.1250000000,0,0.0000000000
0.6450000000,0.1750000000,133,0.0000026600
0.6450000000,0.2250000000,5145,0.0001029000
0.6450000000,0.2750000000,12160,0.0002432000
0.6450000000,0.3250000000,14736,0.0002947200
0.6450000000,0.3750000000,14937,0.0002987400
0.6450000000,0.4250000000,14698,0.0002939600
0.6450000000,0.4750000000,14684,0.0002936800
0.6450000000,0.5250000000,14784,0.0002956800
0.6450000000,0.5750000000,14948,0.0002989600
0.6450000000,0.6250000000,15595,0.0003119000
0.6450000000,0.6750000000,16019,0.0003203800
0.6450000000,0.7250000000,17003,0.0003400600
0.6450000000,0.7750000000,18191,0.0003638200
0.6450000000,0.8250000000,20264,0.0004052800
0.6450000000,0.8750000000,23281,0.0004656200
0.6450000000,0.9250000000,30626,0.0006125200
0.6450000000,0.9750000000,66522,0.0013304400
0.6550000000,0.0250000000,0,0.0000000000
0.6550000000,0.0750000000,0,0.0000000000
0.6550000000,0.1250000000,0,0.0000000000
0.6550000000,0.1750000000,237,0.0000047400
0.6550000000,0.2250000000,5758,0.0001151600
0.6550000000,0.2750000000,12911,0.0002582200
0.6550000000,0.3250000000,15139,0.0003027800
0.6550000000,0.3750000000,15295,0.0003059000
0.6550000000,0.4250000000,15126,0.0003025200
0.6550000000,0.4750000000,14882,0.0002976400
0.6550000000,0.5250000000,15086,0.0003017200
0.6550000000,0.5750000000,15328,0.0003065600
0.6550000000,0.6250000000,15651,0.0003130200
0.6550000000,0.6750000000,16104,0.0003220800
0.6550000000,0.7250000000,17007,0.0003401400
0.6550000000,0.7750000000,18261,0.0003652200
0.6550000000,0.8250000000,20391,0.0004078200
0.6550000000,0.8750000000,23278,0.0004655600
0.6550000000,0.9250000000,30157,0.0006031400
0.6550000000,0.9750000000,67490,0.0013498000
0.6650000000,0.0250000000,0,0.0000000000
0.6650000000,0.0750000000,0,0.0000000000
0.6650000000,0.1250000000,0,0.0000000000
0.6650000000,0.1750000000,332,0.0000066400
0.6650000000,0.2250000000,6203,0.0001240600
0.6650000000,0.2750000000,13454,0.0002690800
0.6650000000,0.3250000000,15449,0.0003089800
0.6650000000,0.3750000000,15204,0.0003040800
0.6650000000,0.4250000000,15132,0.0003026400
0.6650000000,0.4750000000,15244,0.0003048800
0.6650000000,0.5250000000,15117,0.0003023400
0.6650000000,0.5750000000,15366,0.0003073200
0.6650000000,0.6250000000,15860,0.0003172000
0.6650000000,0.6750000000,16194,0.0003238800
0.6650000000,0.7250000000,17378,0.0003475600
0.6650000000,0.7750000000,18602,0.0003720400
0.6650000000,0.8250000000,20317,0.0004063400
0.6650000000,0.8750000000,23374,0.0004674800
0.6650000000,0.9250000000,30040,0.0006008000
0.6650000000,0.9750000000,68675,0.0013735000
0.6750000000,0.0250000000,0,0.0000000000
0.6750000000,0.0750000000,0,0.0000000000
0.6750000000,0.1250000000,0,0.0000000000
0.6750000000,0.1750000000,466,0.0000093200
0.6750000000,0.2250000000,6670,0.0001334000
0.6750000000,0.2750000000,13996,0.0002799200
0.6750000000,0.3250000000,15795,0.0003159000
0.6750000000,0.3750000000,15401,0.0003080200
0.6750000000,0.4250000000,15321,0.0003064200
0.6750000000,0.4750000000,15197,0.0003039400
0.6750000000,0.5250000000,15349,0.0003069800
0.6750000000,0.5750000000,15553,0.0003110600
0.6750000000,0.6250000000,16116,0.0003223200
0.6750000000,0.6750000000,16313,0.0003262600
0.6750000000,0.7250000000,17414,0.0003482800
0.6750000000,0.7750000000,18524,0.0003704800
0.6750000000,0.8250000000,20604,0.0004120800
0.6750000000,0.8750000000,23856,0.0004771200
0.6750000000,0.9250000000,30255,0.0006051000
0.6750000000,0.9750000000,69301,0.0013860200
0.6850000000,0.0250000000,0,0.0000000000
0.6850000000,0.0750000000,0,0.0000000000
0.6850000000,0.1250000000,0,0.0000000000
0.6850000000,0.1750000000,482,0.0000096400
0.6850000000,0.2250000000,7155,0.0001431000
0.6850000000,0.2750000000,14663,0.0002932600
0.6850000000,0.3250000000,16132,0.0003226400
0.6850000000,0.3750000000,15818,0.0003163600
0.6850000000,0.4250000000,15531,0.0003106200
0.6850000000,0.4750000000,15554,0.0003110800
0.6850000000,0.5250000000,15359,0.0003071800
0.6850000000,0.5750000000,15645,0.0003129000
0.6850000000,0.6250000000,16085,0.0003217000
0.6850000000,0.6750000000,16523,0.0003304600
0.6850000000,0.7250000000,17398,0.0003479600
0.6850000000,0.7750000000,18753,0.0003750600
0.6850000000,0.8250000000,20696,0.0004139200
0.6850000000,0.8750000000,23971,0.0004794200
0.6850000000,0.9250000000,30133,0.0006026600
0.6850000000,0.9750000000,69681,0.0013936200
0.6950000000,0.0250000000,0,0.0000000000
0.6950000000,0.0750000000,0,0.0000000000
0.6950000000,0.1250000000,0,0.0000000000
0.6950000000,0.1750000000,499,0.0000099800
0.6950000000,0.2250000000,7887,0.0001577400
0.6950000000,0.2750000000,15454,0.0003090800
0.6950000000,0.3250000000,16688,0.0003337600
0.6950000000,0.3750000000,15992,0.0003198400
0.6950000000,0.4250000000,15813,0.0003162600
0.6950000000,0.4750000000,15464,0.0003092800
0.6950000000,0.5250000000,15838,0.0003167600
0.6950000000,0.5750000000,15627,0.0003125400
0.6950000000,0.6250000000,16286,0.0003257200
0.6950000000,0.6750000000,16553,0.0003310600
0.6950000000,0.7250000000,17824,0.0003564800
0.6950000000,0.7750000000,19017,0.0003803400
0.6950000000,0.8250000000,20782,0.0004156400
0.6950000000,0.8750000000,24171,0.0004834200
0.6950000000,0.9250000000,30515,0.0006103000
0.6950000000,0.9750000000,71009,0.0014201800
0.7050000000,0.0250000000,0,0.0000000000
0.7050000000,0.0750000000,0,0.0000000000
0.7050000000,0.1250000000,0,0.0000000000
0.7050000000,0.1750000000,441,0.0000088200
0.7050000000,0.2250000000,8011,0.0001602200
0.7050000000,0.2750000000,16098,0.0003219600
0.7050000000,0.3250000000,16720,0.0003344000
0.7050000000,0.3750000000,16494,0.0003298800
0.7050000000,0.4250000000,16017,0.0003203400
0.7050000000,0.4750000000,15838,0.0003167600
0.7050000000,0.5250000000,15924,0.0003184800
0.7050000000,0.5750000000,16223,0.0003244600
0.7050000000,0.6250000000,16345,0.0003269000
0.7050000000,0.6750000000,17045,0.0003409000
0.7050000000,0.7250000000,17872,0.0003574400
0.7050000000,0.7750000000,19089,0.0003817800
0.7050000000,0.8250000000,20848,0.0004169600
0.7050000000,0.8750000000,24159,0.0004831800
0.7050000000,0.9250000000,30636,0.0006127200
0.7050000000,0.9750000000,71934,0.0014386800
0.7150000000,0.0250000000,0,0.0000000000
0.7150000000,0.0750000000,0,0.0000000000
0.7150000000,0.1250000000,0,0.0000000000
0.7150000000,0.1750000000,415,0.0000083000
0.7150000000,0.2250000000,8567,0.0001713400
0.7150000000,0.2750000000,16662,0.0003332400
0.7150000000,0.3250000000,17154,0.0003430800
0.7150000000,0.3750000000,16923,0.0003384600
0.7150000000,0.4250000000,16392,0.0003278400
0.7150000000,0.4750000000,15969,0.0003193800
0.7150000000,0.5250000000,16330,0.0003266000
0.7150000000,0.5750000000,16161,0.0003232200
0.7150000000,0.6250000000,16639,0.0003327800
0.7150000000,0.6750000000,17086,0.0003417200
0.7150000000,0.7250000000,18047,0.0003609400
0.7150000000,0.7750000000,19141,0.0003828200
0.7150000000,0.8250000000,20949,0.0004189800
0.7150000000,0.8750000000,24298,0.0004859600
0.7150000000,0.9250000000,30787,0.0006157400
0.7150000000,0.9750000000,72522,0.0014504400
0.7250000000,0.0250000000,0,0.0000000000
0.7250000000,0.0750000000,0,0.0000000000
0.7250000000,0.1250000000,0,0.0000000000
0.7250000000,0.1750000000,275,0.0000055000
0.7250000000,0.2250000000,8689,0.0001737800
0.7250000000,0.2750000000,17177,0.0003435400
0.7250000000,0.3250000000,17584,0.0003516800
0.7250000000,0.3750000000,17069,0.0003413800
0.7250000000,0.4250000000,16506,0.0003301200
0.7250000000,0.4750000000,16308,0.0003261600
0.7250000000,0.5250000000,16419,0.0003283800
0.7250000000,0.5750000000,16459,0.0003291800
0.7250000000,0.6250000000,16909,0.0003381800
0.7250000000,0.6750000000,17447,0.0003489400
0.7250000000,0.7250000000,18096,0.0003619200
0.7250000000,0.7750000000,19533,0.0003906600
0.7250000000,0.8250000000,21351,0.0004270200
0.7250000000,0.8750000000,24653,0.0004930600
0.7250000000,0.9250000000,31434,0.0006286800
0.7250000000,0.9750000000,72828,0.0014565600
0.7350000000,0.0250000000,0,0.0000000000
0.7350000000,0.0750000000,0,0.0000000000
0.7350000000,0.1250000000,0,0.0000000000
0.7350000000,0.1750000000,233,0.0000046600
0.7350000000,0.2250000000,9127,0.0001825400
0.7350000000,0.2750000000,17404,0.0003480800
0.7350000000,0.3250000000,18213,0.0003642600
0.7350000000,0.3750000000,17456,0.0003491200
0.7350000000,0.4250000000,17135,0.0003427000
0.7350000000,0.4750000000,16734,0.0003346800
0.7350000000,0.5250000000,16638,0.0003327600
0.7350000000,0.5750000000,16498,0.0003299600
0.7350000000,0.6250000000,16948,0.0003389600
0.7350000000,0.6750000000,17439,0.0003487800
0.7350000000,0.7250000000,18496,0.0003699200
0.7350000000,0.7750000000,19838,0.0003967600
0.7350000000,0.8250000000,21624,0.0004324800
0.7350000000,0.8750000000,24758,0.0004951600
0.7350000000,0.9250000000,31458,0.0006291600
0.7350000000,0.9750000000,72814,0.0014562800
0.7450000000,0.0250000000,0,0.0000000000
0.7450000000,0.0750000000,0,0.0000000000
0.7450000000,0.1250000000,0,0.0000000000
0.7450000000,0.1750000000,134,0.0000026800
0.7450000000,0.2250000000,9635,0.0001927000
0.7450000000,0.2750000000,17793,0.0003558600
0.7450000000,0.3250000000,18781,0.0003756200
0.7450000000,0.3750000000,17843,0.0003568600
0.7450000000,0.4250000000,17327,0.0003465400
0.7450000000,0.4750000000,16940,0.0003388000
0.7450000000,0.5250000000,16767,0.0003353400
0.7450000000,0.5750000000,16848,0.0003369600
0.7450000000,0.6250000000,17245,0.0003449000
0.7450000000,0.6750000000,17635,0.0003527000
0.7450000000,0.7250000000,18404,0.0003680800
0.7450000000,0.7750000000,19748,0.0003949600
0.7450000000,0.8250000000,21805,0.0004361000
0.7450000000,0.8750000000,25192,0.0005038400
0.7450000000,0.9250000000,31891,0.0006378200
0.7450000000,0.9750000000,72550,0.0014510000
0.7550000000,0.0250000000,0,0.0000000000
0.7550000000,0.0750000000,0,0.0000000000
0.7550000000,0.1250000000,0,0.0000000000
0.7550000000,0.1750000000,53,0.0000010600
0.7550000000,0.2250000000,9378,0.0001875600
0.7550000000,0.2750000000,18038,0.0003607600
0.7550000000,0.3250000000,19234,0.0003846800
0.7550000000,0.3750000000,18334,0.0003666800
0.7550000000,0.4250000000,17879,0.0003575800
0.7550000000,0.4750000000,17057,0.0003411400
0.7550000000,0.5250000000,17228,0.0003445600
0.7550000000,0.5750000000,17114,0.0003422800
0.7550000000,0.6250000000,17521,0.0003504200
0.7550000000,0.6750000000,17815,0.0003563000
0.7550000000,0.7250000000,18717,0.0003743400
0.7550000000,0.7750000000,19963,0.0003992600
0.7550000000,0.8250000000,22058,0.0004411600
0.7550000000,0.8750000000,25591,0.0005118200
0.7550000000,0.9250000000,32432,0.0006486400
0.7550000000,0.9750000000,72562,0.0014512400
0.7650000000,0.0250000000,0,0.0000000000
0.7650000000,0.0750000000,0,0.0000000000
0.7650000000,0.1250000000,0,0.0000000000
0.7650000000,0.1750000000,4,0.0000000800
0.7650000000,0.2250000000,8938,0.0001787600
0.7650000000,0.2750000000,18504,0.0003700800
0.7650000000,0.3250000000,19840,0.0003968000
0.7650000000,0.3750000000,18987,0.0003797400
0.7650000000,0.4250000000,18156,0.0003631200
0.7650000000,0.4750000000,17636,0.0003527200
0.7650000000,0.5250000000,17246,0.0003449200
0.7650000000,0.5750000000,17336,0.0003467200
0.7650000000,0.6250000000,17828,0.0003565600
0.7650000000,0.6750000000,18389,0.0003677800
0.7650000000,0.7250000000,19243,0.0003848600
0.7650000000,0.7750000000,20408,0.0004081600
0.7650000000,0.8250000000,22411,0.0004482200
0.7650000000,0.8750000000,25689,0.0005137800
0.7650000000,0.9250000000,32781,0.0006556200
0.7650000000,0.9750000000,72395,0.0014479000
0.7750000000,0.0250000000,0,0.0000000000
0.7750000000,0.0750000000,0,0.0000000000
0.7750000000,0.1250000000,0,0.0000000000
0.7750000000,0.1750000000,0,0.0000000000
0.7750000000,0.2250000000,8634,0.0001726800
0.7750000000,0.2750000000,18498,0.0003699600
0.7750000000,0.3250000000,20565,0.0004113000
0.7750000000,0.3750000000,19365,0.0003873000
0.7750000000,0.4250000000,18404,0.0003680800
0.7750000000,0.4750000000,18160,0.0003632000
0.7750000000,0.5250000000,17761,0.0003552200
0.7750000000,0.5750000000,17618,0.0003523600
0.7750000000,0.6250000000,18133,0.0003626600
0.7750000000,0.6750000000,18568,0.0003713600
0.7750000000,0.7250000000,19663,0.0003932600
0.7750000000,0.7750000000,20779,0.0004155800
0.7750000000,0.8250000000,22846,0.0004569200
0.7750000000,0.8750000000,26231,0.0005246200
0.7750000000,0.9250000000,33698,0.0006739600
0.7750000000,0.9750000000,71726,0.0014345200
0.7850000000,0.0250000000,0,0.0000000000
0.7850000000,0.0750000000,0,0.0000000000
0.7850000000,0.1250000000,0,0.0000000000
0.7850000000,0.1750000000,0,0.0000000000
0.7850000000,0.2250000000,8274,0.0001654800
0.7850000000,0.2750000000,19103,0.0003820600
0.7850000000,0.3250000000,21171,0.0004234200
0.7850000000,0.3750000000,19784,0.0003956800
0.7850000000,0.4250000000,19293,0.0003858600
0.7850000000,0.4750000000,18599,0.0003719800
0.7850000000,0.5250000000,18323,0.0003664600
0.7850000000,0.5750000000,17927,0.0003585400
0.7850000000,0.6250000000,18609,0.0003721800
0.7850000000,0.6750000000,18748,0.0003749600
0.7850000000,0.7250000000,19937,0.0003987400
0.7850000000,0.7750000000,21218,0.0004243600
0.7850000000,0.8250000000,23376,0.0004675200
0.7850000000,0.8750000000,26521,0.0005304200
0.7850000000,0.9250000000,34861,0.0006972200
0.7850000000,0.9750000000,70994,0.0014198800
0.7950000000,0.0250000000,0,0.0000000000
0.7950000000,0.0750000000,0,0.0000000000
0.7950000000,0.1250000000,0,0.0000000000
0.7950000000,0.1750000000,0,0.0000000000
0.7950000000,0.2250000000,7740,0.0001548000
0.7950000000,0.2750000000,19519,0.0003903800
0.7950000000,0.3250000000,21881,0.0004376200
0.7950000000,0.3750000000,20443,0.0004088600
0.7950000000,0.4250000000,19404,0.0003880800
0.7950000000,0.4750000000,18877,0.0003775400
0.7950000000,0.5250000000,18846,0.0003769200
0.7950000000,0.5750000000,18477,0.0003695400
0.7950000000,0.6250000000,18644,0.0003728800
0.7950000000,0.6750000000,19100,0.0003820000
0.7950000000,0.7250000000,20171,0.0004034200
0.7950000000,0.7750000000,21265,0.0004253000
0.7950000000,0.8250000000,23554,0.0004710800
0.7950000000,0.8750000000,27219,0.0005443800
0.7950000000,0.9250000000,35180,0.0007036000
0.7950000000,0.9750000000,70231,0.0014046200
0.8050000000,0.0250000000,0,0.0000000000
0.8050000000,0.0750000000,0,0.0000000000
0.8050000000,0.1250000000,0,0.0000000000
0.8050000000,0.1750000000,0,0.0000000000
0.8050000000,0.2250000000,7508,0.0001501600
0.8050000000,0.2750000000,20110,0.0004022000
0.8050000000,0.3250000000,23229,0.0004645800
0.8050000000,0.3750000000,21255,0.0004251000
0.8050000000,0.4250000000,20172,0.0004034400
0.8050000000,0.4750000000,19410,0.0003882000
0.8050000000,0.5250000000,19062,0.0003812400
0.8050000000,0.5750000000,18800,0.0003760000
0.8050000000,0.6250000000,19089,0.0003817800
0.8050000000,0.6750000000,19497,0.0003899400
0.8050000000,0.7250000000,20375,0.0004075000
0.8050000000,0.7750000000,21614,0.0004322800
0.8050000000,0.8250000000,24094,0.0004818800
0.8050000000,0.8750000000,27793,0.0005558600
0.8050000000,0.9250000000,36549,0.0007309800
0.8050000000,0.9750000000,69351,0.0013870200
0.8150000000,0.0250000000,0,0.0000000000
0.8150000000,0.0750000000,0,0.0000000000
0.8150000000,0.1250000000,0,0.0000000000
0.8150000000,0.1750000000,0,0.0000000000
0.8150000000,0.2250000000,7474,0.0001494800
0.8150000000,0.2750000000,20916,0.0004183200
0.8150000000,0.3250000000,24205,0.0004841000
0.8150000000,0.3750000000,22288,0.0004457600
0.8150000000,0.4250000000,20955,0.0004191000
0.8150000000,0.4750000000,19859,0.0003971800
0.8150000000,0.5250000000,19643,0.0003928600
0.8150000000,0.5750000000,19247,0.0003849400
0.8150000000,0.6250000000,19589,0.0003917800
0.8150000000,0.6750000000,19998,0.0003999600
0.8150000000,0.7250000000,20766,0.0004153200
0.8150000000,0.7750000000,22179,0.0004435800
0.8150000000,0.8250000000,24576,0.0004915200
0.8150000000,0.8750000000,28892,0.0005778400
0.8150000000,0.9250000000,38155,0.0007631000
0.8150000000,0.9750000000,67099,0.0013419800
0.8250000000,0.0250000000,0,0.0000000000
0.8250000000,0.0750000000,0,0.0000000000
0.8250000000,0.1250000000,0,0.0000000000
0.8250000000,0.1750000000,0,0.0000000000
0.8250000000,0.2250000000,7230,0.0001446000
0.8250000000,0.2750000000,22045,0.0004409000
0.8250000000,0.3250000000,25239,0.0005047800
0.8250000000,0.3750000000,23603,0.0004720600
0.8250000000,0.4250000000,21457,0.0004291400
0.8250000000,0.4750000000,20887,0.0004177400
0.8250000000,0.5250000000,19994,0.0003998800
0.8250000000,0.5750000000,19981,0.0003996200
0.8250000000,0.6250000000,19947,0.0003989400
0.8250000000,0.6750000000,20531,0.0004106200
0.8250000000,0.7250000000,21647,0.0004329400
0.8250000000,0.7750000000,22622,0.0004524400
0.8250000000,0.8250000000,24949,0.0004989800
0.8250000000,0.8750000000,29458,0.0005891600
0.8250000000,0.9250000000,39298,0.0007859600
0.8250000000,0.9750000000,64952,0.0012990400
0.8350000000,0.0250000000,0,0.0000000000
0.8350000000,0.0750000000,0,0.0000000000
0.8350000000,0.1250000000,0,0.0000000000
0.8350000000,0.1750000000,0,0.0000000000
0.8350000000,0.2250000000,7518,0.0001503600
0.8350000000,0.2750000000,23819,0.0004763800
0.8350000000,0.3250000000,26896,0.0005379200
0.8350000000,0.3750000000,24733,0.0004946600
0.8350000000,0.4250000000,22830,0.0004566000
0.8350000000,0.4750000000,21525,0.0004305000
0.8350000000,0.5250000000,20653,0.0004130600
0.8350000000,0.5750000000,20519,0.0004103800
0.8350000000,0.6250000000,20638,0.0004127600
0.8350000000,0.6750000000,21097,0.0004219400
0.8350000000,0.7250000000,21950,0.0004390000
0.8350000000,0.7750000000,23189,0.0004637800
0.8350000000,0.8250000000,25890,0.0005178000
0.8350000000,0.8750000000,30335,0.0006067000
0.8350000000,0.9250000000,40918,0.0008183600
0.8350000000,0.9750000000,62302,0.0012460400
0.8450000000,0.0250000000,0,0.0000000000
0.8450000000,0.0750000000,0,0.0000000000
0.8450000000,0.1250000000,0,0.0000000000
0.8450000000,0.1750000000,0,0.0000000000
0.8450000000,0.2250000000,9557,0.0001911400
0.8450000000,0.2750000000,26649,0.0005329800
0.8450000000,0.3250000000,29026,0.0005805200
0.8450000000,0.3750000000,26141,0.0005228200
0.8450000000,0.4250000000,23781,0.0004756200
0.8450000000,0.4750000000,22185,0.0004437000
0.8450000000,0.5250000000,21437,0.0004287400
0.8450000000,0.5750000000,21395,0.0004279000
0.8450000000,0.6250000000,21268,0.0004253600
0.8450000000,0.6750000000,21730,0.0004346000
0.8450000000,0.7250000000,22263,0.0004452600
0.8450000000,0.7750000000,24119,0.0004823800
0.8450000000,0.8250000000,26211,0.0005242200
0.8450000000,0.8750000000,31119,0.0006223800
0.8450000000,0.9250000000,43796,0.0008759200
0.8450000000,0.9750000000,58897,0.0011779400
0.8550000000,0.0250000000,0,0.0000000000
0.8550000000,0.0750000000,0,0.0000000000
0.8550000000,0.1250000000,0,0.0000000000
0.8550000000,0.1750000000,0,0.0000000000
0.8550000000,0.2250000000,10976,0.0002195200
0.8550000000,0.2750000000,32004,0.0006400800
0.8550000000,0.3250000000,31539,0.0006307800
0.8550000000,0.3750000000,27968,0.0005593600
0.8550000000,0.4250000000,24967,0.0004993400
0.8550000000,0.4750000000,23131,0.0004626200
0.8550000000,0.5250000000,22110,0.0004422000
0.8550000000,0.5750000000,21691,0.0004338200
0.8550000000,0.6250000000,21873,0.0004374600
0.8550000000,0.6750000000,22048,0.0004409600
0.8550000000,0.7250000000,22874,0.0004574800
0.8550000000,0.7750000000,24561,0.0004912200
0.8550000000,0.8250000000,27151,0.0005430200
0.8550000000,0.8750000000,32773,0.0006554600
0.8550000000,0.9250000000,47028,0.0009405600
0.8550000000,0.9750000000,54562,0.0010912400
0.8650000000,0.0250000000,0,0.0000000000
0.8650000000,0.0750000000,0,0.0000000000
0.8650000000,0.1250000000,0,0.0000000000
0.8650000000,0.1750000000,0,0.0000000000
0.8650000000,0.2250000000,659,0.0000131800
0.8650000000,0.2750000000,44225,0.0008845000
0.8650000000,0.3250000000,35660,0.0007132000
0.8650000000,0.3750000000,30364,0.0006072800
0.8650000000,0.4250000000,26535,0.0005307000
0.8650000000,0.4750000000,24299,0.0004859800
0.8650000000,0.5250000000,22887,0.0004577400
0.8650000000,0.5750000000,22617,0.0004523400
0.8650000000,0.6250000000,22200,0.0004440000
0.8650000000,0.6750000000,22842,0.0004568400
0.8650000000,0.7250000000,23588,0.0004717600
0.8650000000,0.7750000000,25446,0.0005089200
0.8650000000,0.8250000000,28235,0.0005647000
0.8650000000,0.8750000000,33790,0.0006758000
0.8650000000,0.9250000000,50665,0.0010133000
0.8650000000,0.9750000000,48303,0.0009660600
0.8750000000,0.0250000000,0,0.0000000000
0.8750000000,0.0750000000,0,0.0000000000
0.8750000000,0.1250000000,0,0.0000000000
0.8750000000,0.1750000000,0,0.0000000000
0.8750000000,0.2250000000,0,0.0000000000
0.8750000000,0.2750000000,38587,0.0007717400
0.8750000000,0.3250000000,42811,0.0008562200
0.8750000000,0.3750000000,33175,0.0006635000
0.8750000000,0.4250000000,28258,0.0005651600
0.8750000000,0.4750000000,25602,0.0005120400
0.8750000000,0.5250000000,24270,0.0004854000
0.8750000000,0.5750000000,23319,0.0004663800
0.8750000000,0.6250000000,23349,0.0004669800
0.8750000000,0.6750000000,23627,0.0004725400
0.8750000000,0.7250000000,24544,0.0004908800
0.8750000000,0.7750000000,26091,0.0005218200
0.8750000000,0.8250000000,29484,0.0005896800
0.8750000000,0.8750000000,35679,0.0007135800
0.8750000000,0.9250000000,56119,0.0011223800
0.8750000000,0.9750000000,40533,0.0008106600
0.8850000000,0.0250000000,0,0.0000000000
0.8850000000,0.0750000000,0,0.0000000000
0.8850000000,0.1250000000,0,0.0000000000
0.8850000000,0.1750000000,0,0.0000000000
0.8850000000,0.2250000000,0,0.0000000000
0.8850000000,0.2750000000,14859,0.0002971800
0.8850000000,0.3250000000,61680,0.0012336000
0.8850000000,0.3750000000,37718,0.0007543600
0.8850000000,0.4250000000,30420,0.0006084000
0.8850000000,0.4750000000,27430,0.0005486000
0.8850000000,0.5250000000,25416,0.0005083200
0.8850000000,0.5750000000,24571,0.0004914200
0.8850000000,0.6250000000,24383,0.0004876600
0.8850000000,0.6750000000,24211,0.0004842200
0.8850000000,0.7250000000,24846,0.0004969200
0.8850000000,0.7750000000,27000,0.0005400000
0.8850000000,0.8250000000,30618,0.0006123600
0.8850000000,0.8750000000,37342,0.0007468400
0.8850000000,0.9250000000,66250,0.0013250000
0.8850000000,0.9750000000,27096,0.0005419200
0.8950000000,0.0250000000,0,0.0000000000
0.8950000000,0.0750000000,0,0.0000000000
0.8950000000,0.1250000000,0,0.0000000000
0.8950000000,0.1750000000,0,0.0000000000
0.8950000000,0.2250000000,0,0.0000000000
0.8950000000,0.2750000000,0,0.0000000000
0.8950000000,0.3250000000,64506,0.0012901200
0.8950000000,0.3750000000,45549,0.0009109800
0.8950000000,0.4250000000,33771,0.0006754200
0.8950000000,0.4750000000,29119,0.0005823800
0.8950000000,0.5250000000,26853,0.0005370600
0.8950000000,0.5750000000,25762,0.0005152400
0.8950000000,0.6250000000,25717,0.0005143400
0.8950000000,0.6750000000,25403,0.0005080600
0.8950000000,0.7250000000,26464,0.0005292800
0.8950000000,0.7750000000,28323,0.0005664600
0.8950000000,0.8250000000,32153,0.0006430600
0.8950000000,0.8750000000,40015,0.0008003000
0.8950000000,0.9250000000,85925,0.0017185000
0.8950000000,0.9750000000,2810,0.0000562000
0.9050000000,0.0250000000,0,0.0000000000
0.9050000000,0.0750000000,0,0.0000000000
0.9050000000,0.1250000000,0,0.0000000000
0.9050000000,0.1750000000,0,0.0000000000
0.9050000000,0.2250000000,0,0.0000000000
0.9050000000,0.2750000000,0,0.0000000000
0.9050000000,0.3250000000,37660,0.0007532000
0.9050000000,0.3750000000,61724,0.0012344800
0.9050000000,0.4250000000,38484,0.0007696800
0.9050000000,0.4750000000,31742,0.0006348400
0.9050000000,0.5250000000,28853,0.0005770600
0.9050000000,0.5750000000,27514,0.0005502800
0.9050000000,0.6250000000,26309,0.0005261800
0.9050000000,0.6750000000,26508,0.0005301600
0.9050000000,0.7250000000,27755,0.0005551000
0.9050000000,0.7750000000,29785,0.0005957000
0.9050000000,0.8250000000,33934,0.0006786800
0.9050000000,0.8750000000,43099,0.0008619800
0.9050000000,0.9250000000,84283,0.0016856600
0.9050000000,0.9750000000,0,0.0000000000
0.9150000000,0.0250000000,0,0.0000000000
0.9150000000,0.0750000000,0,0.0000000000
0.9150000000,0.1250000000,0,0.0000000000
0.9150000000,0.1750000000,0,0.0000000000
0.9150000000,0.2250000000,0,0.0000000000
0.9150000000,0.2750000000,0,0.0000000000
0.9150000000,0.3250000000,0,0.0000000000
0.9150000000,0.3750000000,82548,0.0016509600
0.9150000000,0.4250000000,46007,0.0009201400
0.9150000000,0.4750000000,35223,0.0007044600
0.9150000000,0.5250000000,30961,0.0006192200
0.9150000000,0.5750000000,28963,0.0005792600
0.9150000000,0.6250000000,28101,0.0005620200
0.9150000000,0.6750000000,28161,0.0005632200
0.9150000000,0.7250000000,28904,0.0005780800
0.9150000000,0.7750000000,31487,0.0006297400
0.9150000000,0.8250000000,36117,0.0007223400
0.9150000000,0.8750000000,47521,0.0009504200
0.9150000000,0.9250000000,76679,0.0015335800
0.9150000000,0.9750000000,0,0.0000000000
0.9250000000,0.0250000000,0,0.0000000000
0.9250000000,0.0750000000,0,0.0000000000
0.9250000000,0.1250000000,0,0.0000000000
0.9250000000,0.1750000000,0,0.0000000000
0.9250000000,0.2250000000,0,0.0000000000
0.9250000000,0.2750000000,0,0.0000000000
0.9250000000,0.3250000000,0,0.0000000000
0.9250000000,0.3750000000,50949,0.0010189800
0.9250000000,0.4250000000,61895,0.0012379000
0.9250000000,0.4750000000,40360,0.0008072000
0.9250000000,0.5250000000,33852,0.0006770400
0.9250000000,0.5750000000,30952,0.0006190400
0.9250000000,0.6250000000,29817,0.0005963400
0.9250000000,0.6750000000,29816,0.0005963200
0.9250000000,0.7250000000,30885,0.0006177000
0.9250000000,0.7750000000,33223,0.0006644600
0.9250000000,0.8250000000,38590,0.0007718000
0.9250000000,0.8750000000,53607,0.0010721400
0.9250000000,0.9250000000,65608,0.0013121600
0.9250000000,0.9750000000,0,0.0000000000
0.9350000000,0.0250000000,0,0.0000000000
0.9350000000,0.0750000000,0,0.0000000000
0.9350000000,0.1250000000,0,0.0000000000
0.9350000000,0.1750000000,0,0.0000000000
0.9350000000,0.2250000000,0,0.0000000000
0.9350000000,0.2750000000,0,0.0000000000
0.9350000000,0.3250000000,0,0.0000000000
0.9350000000,0.3750000000,1279,0.0000255800
0.9350000000,0.4250000000,88730,0.0017746000
0.9350000000,0.4750000000,48581,0.0009716200
0.9350000000,0.5250000000,38091,0.0007618200
0.9350000000,0.5750000000,34029,0.0006805800
0.9350000000,0.6250000000,32340,0.0006468000
0.9350000000,0.6750000000,31772,0.0006354400
0.9350000000,0.7250000000,33068,0.0006613600
0.9350000000,0.7750000000,35670,0.0007134000
0.9350000000,0.8250000000,42357,0.0008471400
0.9350000000,0.8750000000,65529,0.0013105800
0.9350000000,0.9250000000,48726,0.0009745200
0.9350000000,0.9750000000,0,0.0000000000
0.9450000000,0.0250000000,0,0.0000000000
0.9450000000,0.0750000000,0,0.0000000000
0.9450000000,0.1250000000,0,0.0000000000
0.9450000000,0.1750000000,0,0.0000000000
0.9450000000,0.2250000000,0,0.0000000000
0.9450000000,0.2750000000,0,0.0000000000
0.9450000000,0.3250000000,0,0.0000000000
0.9450000000,0.3750000000,0,0.0000000000
0.9450000000,0.4250000000,49231,0.0009846200
0.9450000000,0.4750000000,70330,0.0014066000
0.9450000000,0.5250000000,44450,0.0008890000
0.9450000000,0.5750000000,37577,0.0007515400
0.9450000000,0.6250000000,35300,0.0007060000
0.9450000000,0.6750000000,34701,0.0006940200
0.9450000000,0.7250000000,35524,0.0007104800
0.9450000000,0.7750000000,38845,0.0007769000
0.9450000000,0.8250000000,47848,0.0009569600
0.9450000000,0.8750000000,94578,0.0018915600
0.9450000000,0.9250000000,10916,0.0002183200
0.9450000000,0.9750000000,0,0.0000000000
0.9550000000,0.0250000000,0,0.0000000000
0.9550000000,0.0750000000,0,0.0000000000
0.9550000000,0.1250000000,0,0.0000000000
0.9550000000,0.1750000000,0,0.0000000000
0.9550000000,0.2250000000,0,0.0000000000
0.9550000000,0.2750000000,0,0.0000000000
0.9550000000,0.3250000000,0,0.0000000000
0.9550000000,0.3750000000,0,0.0000000000
0.9550000000,0.4250000000,0,0.0000000000
0.9550000000,0.4750000000,91410,0.0018282000
0.9550000000,0.5250000000,56449,0.0011289800
0.9550000000,0.5750000000,43604,0.0008720800
0.9550000000,0.6250000000,39759,0.0007951800
0.9550000000,0.6750000000,38298,0.0007659600
0.9550000000,0.7250000000,39209,0.0007841800
0.9550000000,0.7750000000,43889,0.0008777800
0.9550000000,0.8250000000,55261,0.0011052200
0.9550000000,0.8750000000,93362,0.0018672400
0.9550000000,0.9250000000,0,0.0000000000
0.9550000000,0.9750000000,0,0.0000000000
0.9650000000,0.0250000000,0,0.0000000000
0.9650000000,0.0750000000,0,0.0000000000
0.9650000000,0.1250000000,0,0.0000000000
0.9650000000,0.1750000000,0,0.0000000000
0.9650000000,0.2250000000,0,0.0000000000
0.9650000000,0.2750000000,0,0.0000000000
0.9650000000,0.3250000000,0,0.0000000000
0.9650000000,0.3750000000,0,0.0000000000
0.9650000000,0.4250000000,0,0.0000000000
0.9650000000,0.4750000000,28086,0.0005617200
0.9650000000,0.5250000000,94124,0.0018824800
0.9650000000,0.5750000000,53418,0.0010683600
0.9650000000,0.6250000000,45489,0.0009097800
0.9650000000,0.6750000000,42914,0.0008582800
0.9650000000,0.7250000000,44023,0.0008804600
0.9650000000,0.7750000000,50252,0.0010050400
0.9650000000,0.8250000000,71650,0.0014330000
0.9650000000,0.8750000000,68642,0.0013728400
0.9650000000,0.9250000000,0,0.0000000000
0.9650000000,0.9750000000,0,0.0000000000
0.9750000000,0.0250000000,0,0.0000000000
0.9750000000,0.0750000000,0,0.0000000000
0.9750000000,0.1250000000,0,0.0000000000
0.9750000000,0.1750000000,0,0.0000000000
0.9750000000,0.2250000000,0,0.0000000000
0.9750000000,0.2750000000,0,0.0000000000
0.9750000000,0.3250000000,0,0.0000000000
0.9750000000,0.3750000000,0,0.0000000000
0.9750000000,0.4250000000,0,0.0000000000
0.9750000000,0.4750000000,0,0.0000000000
0.9750000000,0.5250000000,69022,0.0013804400
0.9750000000,0.5750000000,83489,0.0016697800
0.9750000000,0.6250000000,56486,0.0011297200
0.9750000000,0.6750000000,51445,0.0010289000
0.9750000000,0.7250000000,52559,0.0010511800
0.9750000000,0.7750000000,62007,0.0012401400
0.9750000000,0.8250000000,113599,0.0022719800
0.9750000000,0.8750000000,11569,0.0002313800
0.9750000000,0.9250000000,0,0.0000000000
0.9750000000,0.9750000000,0,0.0000000000
0.9850000000,0.0250000000,0,0.0000000000
0.9850000000,0.0750000000,0,0.0000000000
0.9850000000,0.1250000000,0,0.0000000000
0.9850000000,0.1750000000,0,0.0000000000
0.9850000000,0.2250000000,0,0.0000000000
0.9850000000,0.2750000000,0,0.0000000000
0.9850000000,0.3250000000,0,0.0000000000
0.9850000000,0.3750000000,0,0.0000000000
0.9850000000,0.4250000000,0,0.0000000000
0.9850000000,0.4750000000,0,0.0000000000
0.9850000000,0.5250000000,0,0.0000000000
0.9850000000,0.5750000000,97017,0.0019403400
0.9850000000,0.6250000000,89538,0.0017907600
0.9850000000,0.6750000000,68238,0.0013647600
0.9850000000,0.7250000000,68682,0.0013736400
0.9850000000,0.7750000000,95041,0.0019008200
0.9850000000,0.8250000000,81752,0.0016350400
0.9850000000,0.8750000000,0,0.0000000000
0.9850000000,0.9250000000,0,0.0000000000
0.9850000000,0.9750000000,0,0.0000000000
0.9950000000,0.0250000000,0,0.0000000000
0.9950000000,0.0750000000,0,0.0000000000
0.9950000000,0.1250000000,0,0.0000000000
0.9950000000,0.1750000000,0,0.0000000000
0.9950000000,0.2250000000,0,0.0000000000
0.9950000000,0.2750000000,0,0.0000000000
0.9950000000,0.3250000000,0,0.0000000000
0.9950000000,0.3750000000,0,0.0000000000
0.9950000000,0.4250000000,0,0.0000000000
0.9950000000,0.4750000000,0,0.0000000000
0.9950000000,0.5250000000,0,0.0000000000
0.9950000000,0.5750000000,0,0.0000000000
0.9950000000,0.6250000000,88569,0.0017713800
0.9950000000,0.6750000000,147246,0.0029449200
0.9950000000,0.7250000000,157317,0.0031463400
0.9950000000,0.7750000000,107916,0.0021583200
0.9950000000,0.8250000000,0,0.0000000000
0.9950000000,0.8750000000,0,0.0000000000
0.9950000000,0.9250000000,0,0.0000000000
0.9950000000,0.9750000000,0,0.0000000000
