cos_theta_center,cos_theta_det_center,counts,omega
0.0050000000,0.0250000000,0,0.0000000000
0.0050000000,0.0750000000,0,0.0000000000
0.0050000000,0.1250000000,0,0.0000000000
0.0050000000,0.1750000000,0,0.0000000000
0.0050000000,0.2250000000,730,0.0000146000
0.0050000000,0.2750000000,12198,0.0002439600
0.0050000000,0.3250000000,22044,0.0004408800
0.0050000000,0.3750000000,26276,0.0005255200
0.0050000000,0.4250000000,28249,0.0005649800
0.0050000000,0.4750000000,30421,0.0006084200
0.0050000000,0.5250000000,33703,0.0006740600
0.0050000000,0.5750000000,38913,0.0007782600
0.0050000000,0.6250000000,48582,0.0009716400
0.0050000000,0.6750000000,85817,0.0017163400
0.0050000000,0.7250000000,42582,0.0008516400
0.0050000000,0.7750000000,0,0.0000000000
0.0050000000,0.8250000000,0,0.0000000000
0.0050000000,0.8750000000,0,0.0000000000
0.0050000000,0.9250000000,0,0.0000000000
0.0050000000,0.9750000000,0,0.0000000000
0.0150000000,0.0250000000,0,0.0000000000
0.0150000000,0.0750000000,0,0.0000000000
0.0150000000,0.1250000000,0,0.0000000000
0.0150000000,0.1750000000,0,0.0000000000
0.0150000000,0.2250000000,702,0.0000140400
0.0150000000,0.2750000000,11670,0.0002334000
0.0150000000,0.3250000000,22385,0.0004477000
0.0150000000,0.3750000000,26693,0.0005338600
0.0150000000,0.4250000000,28172,0.0005634400
0.0150000000,0.4750000000,30193,0.0006038600
0.0150000000,0.5250000000,33605,0.0006721000
0.0150000000,0.5750000000,39242,0.0007848400
0.0150000000,0.6250000000,48797,0.0009759400
0.0150000000,0.6750000000,92796,0.0018559200
0.0150000000,0.7250000000,35358,0.0007071600
0.0150000000,0.7750000000,0,0.0000000000
0.0150000000,0.8250000000,0,0.0000000000
0.0150000000,0.8750000000,0,0.0000000000
0.0150000000,0.9250000000,0,0.0000000000
0.0150000000,0.9750000000,0,0.0000000000
0.0250000000,0.0250000000,0,0.0000000000
0.0250000000,0.0750000000,0,0.0000000000
0.0250000000,0.1250000000,0,0.0000000000
0.0250000000,0.1750000000,0,0.0000000000
0.0250000000,0.2250000000,727,0.0000145400
0.0250000000,0.2750000000,12154,0.0002430800
0.0250000000,0.3250000000,22490,0.0004498000
0.0250000000,0.3750000000,26497,0.0005299400
0.0250000000,0.4250000000,28255,0.0005651000
0.0250000000,0.4750000000,30749,0.0006149800
0.0250000000,0.5250000000,33655,0.0006731000
0.0250000000,0.5750000000,38844,0.0007768800
0.0250000000,0.6250000000,49875,0.0009975000
0.0250000000,0.6750000000,85130,0.0017026000
0.0250000000,0.7250000000,41763,0.0008352600
0.0250000000,0.7750000000,0,0.0000000000
0.0250000000,0.8250000000,0,0.0000000000
0.0250000000,0.8750000000,0,0.0000000000
0.0250000000,0.9250000000,0,0.0000000000
0.0250000000,0.9750000000,0,0.0000000000
0.0350000000,0.0250000000,0,0.0000000000
0.0350000000,0.0750000000,0,0.0000000000
0.0350000000,0.1250000000,0,0.0000000000
0.0350000000,0.1750000000,0,0.0000000000
0.0350000000,0.2250000000,788,0.0000157600
0.0350000000,0.2750000000,12166,0.0002433200
0.0350000000,0.3250000000,22586,0.0004517200
0.0350000000,0.3750000000,26813,0.0005362600
0.0350000000,0.4250000000,27890,0.0005578000
0.0350000000,0.4750000000,30679,0.0006135800
0.0350000000,0.5250000000,33937,0.0006787400
0.0350000000,0.5750000000,39111,0.0007822200
0.0350000000,0.6250000000,51012,0.0010202400
0.0350000000,0.6750000000,77895,0.0015579000
0.0350000000,0.7250000000,47383,0.0009476600
0.0350000000,0.7750000000,0,0.0000000000
0.0350000000,0.8250000000,0,0.0000000000
0.0350000000,0.8750000000,0,0.0000000000
0.0350000000,0.9250000000,0,0.0000000000
0.0350000000,0.9750000000,0,0.0000000000
0.0450000000,0.0250000000,0,0.0000000000
0.0450000000,0.0750000000,0,0.0000000000
0.0450000000,0.1250000000,0,0.0000000000
0.0450000000,0.1750000000,0,0.0000000000
0.0450000000,0.2250000000,801,0.0000160200
0.0450000000,0.2750000000,12252,0.0002450400
0.0450000000,0.3250000000,22355,0.0004471000
0.0450000000,0.3750000000,26515,0.0005303000
0.0450000000,0.4250000000,28511,0.0005702200
0.0450000000,0.4750000000,30700,0.0006140000
0.0450000000,0.5250000000,34281,0.0006856200
0.0450000000,0.5750000000,39988,0.0007997600
0.0450000000,0.6250000000,52694,0.0010538800
0.0450000000,0.6750000000,70481,0.0014096200
0.0450000000,0.7250000000,52299,0.0010459800
0.0450000000,0.7750000000,0,0.0000000000
0.0450000000,0.8250000000,0,0.0000000000
0.0450000000,0.8750000000,0,0.0000000000
0.0450000000,0.9250000000,0,0.0000000000
0.0450000000,0.9750000000,0,0.0000000000
0.0550000000,0.0250000000,0,0.0000000000
0.0550000000,0.0750000000,0,0.0000000000
0.0550000000,0.1250000000,0,0.0000000000
0.0550000000,0.1750000000,0,0.0000000000
0.0550000000,0.2250000000,932,0.0000186400
0.0550000000,0.2750000000,12229,0.0002445800
0.0550000000,0.3250000000,22518,0.0004503600
0.0550000000,0.3750000000,26497,0.0005299400
0.0550000000,0.4250000000,28561,0.0005712200
0.0550000000,0.4750000000,30947,0.0006189400
0.0550000000,0.5250000000,34525,0.0006905000
0.0550000000,0.5750000000,40173,0.0008034600
0.0550000000,0.6250000000,55430,0.0011086000
0.0550000000,0.6750000000,61604,0.0012320800
0.0550000000,0.7250000000,56727,0.0011345400
0.0550000000,0.7750000000,0,0.0000000000
0.0550000000,0.8250000000,0,0.0000000000
0.0550000000,0.8750000000,0,0.0000000000
0.0550000000,0.9250000000,0,0.0000000000
0.0550000000,0.9750000000,0,0.0000000000
0.0650000000,0.0250000000,0,0.0000000000
0.0650000000,0.0750000000,0,0.0000000000
0.0650000000,0.1250000000,0,0.0000000000
0.0650000000,0.1750000000,0,0.0000000000
0.0650000000,0.2250000000,955,0.0000191000
0.0650000000,0.2750000000,12540,0.0002508000
0.0650000000,0.3250000000,22556,0.0004511200
0.0650000000,0.3750000000,26919,0.0005383800
0.0650000000,0.4250000000,28455,0.0005691000
0.0650000000,0.4750000000,30817,0.0006163400
0.0650000000,0.5250000000,34729,0.0006945800
0.0650000000,0.5750000000,41172,0.0008234400
0.0650000000,0.6250000000,59276,0.0011855200
0.0650000000,0.6750000000,51450,0.0010290000
0.0650000000,0.7250000000,51643,0.0010328600
0.0650000000,0.7750000000,9179,0.0001835800
0.0650000000,0.8250000000,0,0.0000000000
0.0650000000,0.8750000000,0,0.0000000000
0.0650000000,0.9250000000,0,0.0000000000
0.0650000000,0.9750000000,0,0.0000000000
0.0750000000,0.0250000000,0,0.0000000000
0.0750000000,0.0750000000,0,0.0000000000
0.0750000000,0.1250000000,0,0.0000000000
0.0750000000,0.1750000000,0,0.0000000000
0.0750000000,0.2250000000,978,0.0000195600
0.0750000000,0.2750000000,12650,0.0002530000
0.0750000000,0.3250000000,22964,0.0004592800
0.0750000000,0.3750000000,26645,0.0005329000
0.0750000000,0.4250000000,28487,0.0005697400
0.0750000000,0.4750000000,31253,0.0006250600
0.0750000000,0.5250000000,35221,0.0007044200
0.0750000000,0.5750000000,41949,0.0008389800
0.0750000000,0.6250000000,70730,0.0014146000
0.0750000000,0.6750000000,34689,0.0006937800
0.0750000000,0.7250000000,41116,0.0008223200
0.0750000000,0.7750000000,23927,0.0004785400
0.0750000000,0.8250000000,0,0.0000000000
0.0750000000,0.8750000000,0,0.0000000000
0.0750000000,0.9250000000,0,0.0000000000
0.0750000000,0.9750000000,0,0.0000000000
0.0850000000,0.0250000000,0,0.0000000000
0.0850000000,0.0750000000,0,0.0000000000
0.0850000000,0.1250000000,0,0.0000000000
0.0850000000,0.1750000000,0,0.0000000000
0.0850000000,0.2250000000,1051,0.0000210200
0.0850000000,0.2750000000,12763,0.0002552600
0.0850000000,0.3250000000,22896,0.0004579200
0.0850000000,0.3750000000,26768,0.0005353600
0.0850000000,0.4250000000,29003,0.0005800600
0.0850000000,0.4750000000,31400,0.0006280000
0.0850000000,0.5250000000,35500,0.0007100000
0.0850000000,0.5750000000,42728,0.0008545600
0.0850000000,0.6250000000,75393,0.0015078600
0.0850000000,0.6750000000,23564,0.0004712800
0.0850000000,0.7250000000,36212,0.0007242400
0.0850000000,0.7750000000,32316,0.0006463200
0.0850000000,0.8250000000,0,0.0000000000
0.0850000000,0.8750000000,0,0.0000000000
0.0850000000,0.9250000000,0,0.0000000000
0.0850000000,0.9750000000,0,0.0000000000
0.0950000000,0.0250000000,0,0.0000000000
0.0950000000,0.0750000000,0,0.0000000000
0.0950000000,0.1250000000,0,0.0000000000
0.0950000000,0.1750000000,0,0.0000000000
0.0950000000,0.2250000000,1107,0.0000221400
0.0950000000,0.2750000000,12742,0.0002548400
0.0950000000,0.3250000000,23003,0.0004600600
0.0950000000,0.3750000000,26648,0.0005329600
0.0950000000,0.4250000000,29137,0.0005827400
0.0950000000,0.4750000000,31786,0.0006357200
0.0950000000,0.5250000000,35892,0.0007178400
0.0950000000,0.5750000000,45042,0.0009008400
0.0950000000,0.6250000000,70236,0.0014047200
0.0950000000,0.6750000000,22706,0.0004541200
0.0950000000,0.7250000000,33099,0.0006619800
0.0950000000,0.7750000000,39106,0.0007821200
0.0950000000,0.8250000000,0,0.0000000000
0.0950000000,0.8750000000,0,0.0000000000
0.0950000000,0.9250000000,0,0.0000000000
0.0950000000,0.9750000000,0,0.0000000000
0.1050000000,0.0250000000,0,0.0000000000
0.1050000000,0.0750000000,0,0.0000000000
0.1050000000,0.1250000000,0,0.0000000000
0.1050000000,0.1750000000,0,0.0000000000
0.1050000000,0.2250000000,1166,0.0000233200
0.1050000000,0.2750000000,12492,0.0002498400
0.1050000000,0.3250000000,23041,0.0004608200
0.1050000000,0.3750000000,26950,0.0005390000
0.1050000000,0.4250000000,29195,0.0005839000
0.1050000000,0.4750000000,31634,0.0006326800
0.1050000000,0.5250000000,36622,0.0007324400
0.1050000000,0.5750000000,46510,0.0009302000
0.1050000000,0.6250000000,64141,0.0012828200
0.1050000000,0.6750000000,22065,0.0004413000
0.1050000000,0.7250000000,31098,0.0006219600
0.1050000000,0.7750000000,44402,0.0008880400
0.1050000000,0.8250000000,0,0.0000000000
0.1050000000,0.8750000000,0,0.0000000000
0.1050000000,0.9250000000,0,0.0000000000
0.1050000000,0.9750000000,0,0.0000000000
0.1150000000,0.0250000000,0,0.0000000000
0.1150000000,0.0750000000,0,0.0000000000
0.1150000000,0.1250000000,0,0.0000000000
0.1150000000,0.1750000000,0,0.0000000000
0.1150000000,0.2250000000,1242,0.0000248400
0.1150000000,0.2750000000,12752,0.0002550400
0.1150000000,0.3250000000,22811,0.0004562200
0.1150000000,0.3750000000,26800,0.0005360000
0.1150000000,0.4250000000,29046,0.0005809200
0.1150000000,0.4750000000,32346,0.0006469200
0.1150000000,0.5250000000,37182,0.0007436400
0.1150000000,0.5750000000,49008,0.0009801600
0.1150000000,0.6250000000,57006,0.0011401200
0.1150000000,0.6750000000,21227,0.0004245400
0.1150000000,0.7250000000,28798,0.0005759600
0.1150000000,0.7750000000,49580,0.0009916000
0.1150000000,0.8250000000,0,0.0000000000
0.1150000000,0.8750000000,0,0.0000000000
0.1150000000,0.9250000000,0,0.0000000000
0.1150000000,0.9750000000,0,0.0000000000
0.1250000000,0.0250000000,0,0.0000000000
0.1250000000,0.0750000000,0,0.0000000000
0.1250000000,0.1250000000,0,0.0000000000
0.1250000000,0.1750000000,0,0.0000000000
0.1250000000,0.2250000000,1346,0.0000269200
0.1250000000,0.2750000000,13099,0.0002619800
0.1250000000,0.3250000000,22887,0.0004577400
0.1250000000,0.3750000000,27042,0.0005408400
0.1250000000,0.4250000000,29519,0.0005903800
0.1250000000,0.4750000000,32782,0.0006556400
0.1250000000,0.5250000000,37816,0.0007563200
0.1250000000,0.5750000000,53176,0.0010635200
0.1250000000,0.6250000000,48378,0.0009675600
0.1250000000,0.6750000000,20592,0.0004118400
0.1250000000,0.7250000000,27547,0.0005509400
0.1250000000,0.7750000000,54138,0.0010827600
0.1250000000,0.8250000000,0,0.0000000000
0.1250000000,0.8750000000,0,0.0000000000
0.1250000000,0.9250000000,0,0.0000000000
0.1250000000,0.9750000000,0,0.0000000000
0.1350000000,0.0250000000,0,0.0000000000
0.1350000000,0.0750000000,0,0.0000000000
0.1350000000,0.1250000000,0,0.0000000000
0.1350000000,0.1750000000,0,0.0000000000
0.1350000000,0.2250000000,1405,0.0000281000
0.1350000000,0.2750000000,12668,0.0002533600
0.1350000000,0.3250000000,22984,0.0004596800
0.1350000000,0.3750000000,27217,0.0005443400
0.1350000000,0.4250000000,29882,0.0005976400
0.1350000000,0.4750000000,32903,0.0006580600
0.1350000000,0.5250000000,39209,0.0007841800
0.1350000000,0.5750000000,60303,0.0012060600
0.1350000000,0.6250000000,36118,0.0007223600
0.1350000000,0.6750000000,20368,0.0004073600
0.1350000000,0.7250000000,26390,0.0005278000
0.1350000000,0.7750000000,57708,0.0011541600
0.1350000000,0.8250000000,0,0.0000000000
0.1350000000,0.8750000000,0,0.0000000000
0.1350000000,0.9250000000,0,0.0000000000
0.1350000000,0.9750000000,0,0.0000000000
0.1450000000,0.0250000000,0,0.0000000000
0.1450000000,0.0750000000,0,0.0000000000
0.1450000000,0.1250000000,0,0.0000000000
0.1450000000,0.1750000000,0,0.0000000000
0.1450000000,0.2250000000,1457,0.0000291400
0.1450000000,0.2750000000,12624,0.0002524800
0.1450000000,0.3250000000,22567,0.0004513400
0.1450000000,0.3750000000,27275,0.0005455000
0.1450000000,0.4250000000,30119,0.0006023800
0.1450000000,0.4750000000,33502,0.0006700400
0.1450000000,0.5250000000,40641,0.0008128200
0.1450000000,0.5750000000,73412,0.0014682400
0.1450000000,0.6250000000,18150,0.0003630000
0.1450000000,0.6750000000,19947,0.0003989400
0.1450000000,0.7250000000,25361,0.0005072200
0.1450000000,0.7750000000,50636,0.0010127200
0.1450000000,0.8250000000,11215,0.0002243000
0.1450000000,0.8750000000,0,0.0000000000
0.1450000000,0.9250000000,0,0.0000000000
0.1450000000,0.9750000000,0,0.0000000000
0.1550000000,0.0250000000,0,0.0000000000
0.1550000000,0.0750000000,0,0.0000000000
0.1550000000,0.1250000000,0,0.0000000000
0.1550000000,0.1750000000,0,0.0000000000
0.1550000000,0.2250000000,1462,0.0000292400
0.1550000000,0.2750000000,12809,0.0002561800
0.1550000000,0.3250000000,22632,0.0004526400
0.1550000000,0.3750000000,27375,0.0005475000
0.1550000000,0.4250000000,29883,0.0005976600
0.1550000000,0.4750000000,33988,0.0006797600
0.1550000000,0.5250000000,42446,0.0008489200
0.1550000000,0.5750000000,68540,0.0013708000
0.1550000000,0.6250000000,16908,0.0003381600
0.1550000000,0.6750000000,19496,0.0003899200
0.1550000000,0.7250000000,24288,0.0004857600
0.1550000000,0.7750000000,41285,0.0008257000
0.1550000000,0.8250000000,24355,0.0004871000
0.1550000000,0.8750000000,0,0.0000000000
0.1550000000,0.9250000000,0,0.0000000000
0.1550000000,0.9750000000,0,0.0000000000
0.1650000000,0.0250000000,0,0.0000000000
0.1650000000,0.0750000000,0,0.0000000000
0.1650000000,0.1250000000,0,0.0000000000
0.1650000000,0.1750000000,0,0.0000000000
0.1650000000,0.2250000000,1657,0.0000331400
0.1650000000,0.2750000000,12532,0.0002506400
0.1650000000,0.3250000000,22908,0.0004581600
0.1650000000,0.3750000000,27438,0.0005487600
0.1650000000,0.4250000000,30129,0.0006025800
0.1650000000,0.4750000000,34656,0.0006931200
0.1650000000,0.5250000000,43720,0.0008744000
0.1650000000,0.5750000000,62300,0.0012460000
0.1650000000,0.6250000000,16773,0.0003354600
0.1650000000,0.6750000000,19247,0.0003849400
0.1650000000,0.7250000000,23726,0.0004745200
0.1650000000,0.7750000000,36803,0.0007360600
0.1650000000,0.8250000000,32000,0.0006400000
0.1650000000,0.8750000000,0,0.0000000000
0.1650000000,0.9250000000,0,0.0000000000
0.1650000000,0.9750000000,0,0.0000000000
0.1750000000,0.0250000000,0,0.0000000000
0.1750000000,0.0750000000,0,0.0000000000
0.1750000000,0.1250000000,0,0.0000000000
0.1750000000,0.1750000000,0,0.0000000000
0.1750000000,0.2250000000,1631,0.0000326200
0.1750000000,0.2750000000,12436,0.0002487200
0.1750000000,0.3250000000,22405,0.0004481000
0.1750000000,0.3750000000,27440,0.0005488000
0.1750000000,0.4250000000,30894,0.0006178800
0.1750000000,0.4750000000,35499,0.0007099800
0.1750000000,0.5250000000,46244,0.0009248800
0.1750000000,0.5750000000,55704,0.0011140800
0.1750000000,0.6250000000,16725,0.0003345000
0.1750000000,0.6750000000,18768,0.0003753600
0.1750000000,0.7250000000,23002,0.0004600400
0.1750000000,0.7750000000,33943,0.0006788600
0.1750000000,0.8250000000,38283,0.0007656600
0.1750000000,0.8750000000,0,0.0000000000
0.1750000000,0.9250000000,0,0.0000000000
0.1750000000,0.9750000000,0,0.0000000000
0.1850000000,0.0250000000,0,0.0000000000
0.1850000000,0.0750000000,0,0.0000000000
0.1850000000,0.1250000000,0,0.0000000000
0.1850000000,0.1750000000,0,0.0000000000
0.1850000000,0.2250000000,1702,0.0000340400
0.1850000000,0.2750000000,12732,0.0002546400
0.1850000000,0.3250000000,22559,0.0004511800
0.1850000000,0.3750000000,27259,0.0005451800
0.1850000000,0.4250000000,30947,0.0006189400
0.1850000000,0.4750000000,36025,0.0007205000
0.1850000000,0.5250000000,50193,0.0010038600
0.1850000000,0.5750000000,46832,0.0009366400
0.1850000000,0.6250000000,16172,0.0003234400
0.1850000000,0.6750000000,18551,0.0003710200
0.1850000000,0.7250000000,22287,0.0004457400
0.1850000000,0.7750000000,31640,0.0006328000
0.1850000000,0.8250000000,43545,0.0008709000
0.1850000000,0.8750000000,0,0.0000000000
0.1850000000,0.9250000000,0,0.0000000000
0.1850000000,0.9750000000,0,0.0000000000
0.1950000000,0.0250000000,0,0.0000000000
0.1950000000,0.0750000000,0,0.0000000000
0.1950000000,0.1250000000,0,0.0000000000
0.1950000000,0.1750000000,0,0.0000000000
0.1950000000,0.2250000000,1841,0.0000368200
0.1950000000,0.2750000000,12619,0.0002523800
0.1950000000,0.3250000000,22142,0.0004428400
0.1950000000,0.3750000000,27334,0.0005466800
0.1950000000,0.4250000000,30821,0.0006164200
0.1950000000,0.4750000000,36784,0.0007356800
0.1950000000,0.5250000000,57302,0.0011460400
0.1950000000,0.5750000000,34124,0.0006824800
0.1950000000,0.6250000000,16270,0.0003254000
0.1950000000,0.6750000000,18414,0.0003682800
0.1950000000,0.7250000000,21808,0.0004361600
0.1950000000,0.7750000000,29474,0.0005894800
0.1950000000,0.8250000000,48224,0.0009644800
0.1950000000,0.8750000000,0,0.0000000000
0.1950000000,0.9250000000,0,0.0000000000
0.1950000000,0.9750000000,0,0.0000000000
0.2050000000,0.0250000000,0,0.0000000000
0.2050000000,0.0750000000,0,0.0000000000
0.2050000000,0.1250000000,0,0.0000000000
0.2050000000,0.1750000000,0,0.0000000000
0.2050000000,0.2250000000,1782,0.0000356400
0.2050000000,0.2750000000,12367,0.0002473400
0.2050000000,0.3250000000,21958,0.0004391600
0.2050000000,0.3750000000,27224,0.0005444800
0.2050000000,0.4250000000,31111,0.0006222200
0.2050000000,0.4750000000,38031,0.0007606200
0.2050000000,0.5250000000,69670,0.0013934000
0.2050000000,0.5750000000,15659,0.0003131800
0.2050000000,0.6250000000,15792,0.0003158400
0.2050000000,0.6750000000,18126,0.0003625200
0.2050000000,0.7250000000,21342,0.0004268400
0.2050000000,0.7750000000,28399,0.0005679800
0.2050000000,0.8250000000,52036,0.0010407200
0.2050000000,0.8750000000,0,0.0000000000
0.2050000000,0.9250000000,0,0.0000000000
0.2050000000,0.9750000000,0,0.0000000000
0.2150000000,0.0250000000,0,0.0000000000
0.2150000000,0.0750000000,0,0.0000000000
0.2150000000,0.1250000000,0,0.0000000000
0.2150000000,0.1750000000,0,0.0000000000
0.2150000000,0.2250000000,1917,0.0000383400
0.2150000000,0.2750000000,12428,0.0002485600
0.2150000000,0.3250000000,21827,0.0004365400
0.2150000000,0.3750000000,27108,0.0005421600
0.2150000000,0.4250000000,31569,0.0006313800
0.2150000000,0.4750000000,38936,0.0007787200
0.2150000000,0.5250000000,64952,0.0012990400
0.2150000000,0.5750000000,14669,0.0002933800
0.2150000000,0.6250000000,15816,0.0003163200
0.2150000000,0.6750000000,17358,0.0003471600
0.2150000000,0.7250000000,20785,0.0004157000
0.2150000000,0.7750000000,27069,0.0005413800
0.2150000000,0.8250000000,56218,0.0011243600
0.2150000000,0.8750000000,0,0.0000000000
0.2150000000,0.9250000000,0,0.0000000000
0.2150000000,0.9750000000,0,0.0000000000
0.2250000000,0.0250000000,0,0.0000000000
0.2250000000,0.0750000000,0,0.0000000000
0.2250000000,0.1250000000,0,0.0000000000
0.2250000000,0.1750000000,0,0.0000000000
0.2250000000,0.2250000000,1889,0.0000377800
0.2250000000,0.2750000000,12210,0.0002442000
0.2250000000,0.3250000000,21520,0.0004304000
0.2250000000,0.3750000000,27374,0.0005474800
0.2250000000,0.4250000000,31781,0.0006356200
0.2250000000,0.4750000000,41134,0.0008226800
0.2250000000,0.5250000000,58079,0.0011615800
0.2250000000,0.5750000000,14507,0.0002901400
0.2250000000,0.6250000000,15876,0.0003175200
0.2250000000,0.6750000000,17421,0.0003484200
0.2250000000,0.7250000000,20450,0.0004090000
0.2250000000,0.7750000000,25790,0.0005158000
0.2250000000,0.8250000000,59153,0.0011830600
0.2250000000,0.8750000000,746,0.0000149200
0.2250000000,0.9250000000,0,0.0000000000
0.2250000000,0.9750000000,0,0.0000000000
0.2350000000,0.0250000000,0,0.0000000000
0.2350000000,0.0750000000,0,0.0000000000
0.2350000000,0.1250000000,0,0.0000000000
0.2350000000,0.1750000000,0,0.0000000000
0.2350000000,0.2250000000,1885,0.0000377000
0.2350000000,0.2750000000,12263,0.0002452600
0.2350000000,0.3250000000,21576,0.0004315200
0.2350000000,0.3750000000,27029,0.0005405800
0.2350000000,0.4250000000,32249,0.0006449800
0.2350000000,0.4750000000,43768,0.0008753600
0.2350000000,0.5250000000,50389,0.0010077800
0.2350000000,0.5750000000,14237,0.0002847400
0.2350000000,0.6250000000,15848,0.0003169600
0.2350000000,0.6750000000,17279,0.0003455800
0.2350000000,0.7250000000,19863,0.0003972600
0.2350000000,0.7750000000,25348,0.0005069600
0.2350000000,0.8250000000,48066,0.0009613200
0.2350000000,0.8750000000,15518,0.0003103600
0.2350000000,0.9250000000,0,0.0000000000
0.2350000000,0.9750000000,0,0.0000000000
0.2450000000,0.0250000000,0,0.0000000000
0.2450000000,0.0750000000,0,0.0000000000
0.2450000000,0.1250000000,0,0.0000000000
0.2450000000,0.1750000000,0,0.0000000000
0.2450000000,0.2250000000,1998,0.0000399600
0.2450000000,0.2750000000,12150,0.0002430000
0.2450000000,0.3250000000,21190,0.0004238000
0.2450000000,0.3750000000,27264,0.0005452800
0.2450000000,0.4250000000,32736,0.0006547200
0.2450000000,0.4750000000,47442,0.0009488400
0.2450000000,0.5250000000,40803,0.0008160600
0.2450000000,0.5750000000,14161,0.0002832200
0.2450000000,0.6250000000,15408,0.0003081600
0.2450000000,0.6750000000,16981,0.0003396200
0.2450000000,0.7250000000,19814,0.0003962800
0.2450000000,0.7750000000,24431,0.0004886200
0.2450000000,0.8250000000,40973,0.0008194600
0.2450000000,0.8750000000,25398,0.0005079600
0.2450000000,0.9250000000,0,0.0000000000
0.2450000000,0.9750000000,0,0.0000000000
0.2550000000,0.0250000000,0,0.0000000000
0.2550000000,0.0750000000,0,0.0000000000
0.2550000000,0.1250000000,0,0.0000000000
0.2550000000,0.1750000000,0,0.0000000000
0.2550000000,0.2250000000,1834,0.0000366800
0.2550000000,0.2750000000,11910,0.0002382000
0.2550000000,0.3250000000,21229,0.0004245800
0.2550000000,0.3750000000,27362,0.0005472400
0.2550000000,0.4250000000,33592,0.0006718400
0.2550000000,0.4750000000,56099,0.0011219800
0.2550000000,0.5250000000,26285,0.0005257000
0.2550000000,0.5750000000,14426,0.0002885200
0.2550000000,0.6250000000,15697,0.0003139400
0.2550000000,0.6750000000,17019,0.0003403800
0.2550000000,0.7250000000,19652,0.0003930400
0.2550000000,0.7750000000,23983,0.0004796600
0.2550000000,0.8250000000,37243,0.0007448600
0.2550000000,0.8750000000,32149,0.0006429800
0.2550000000,0.9250000000,0,0.0000000000
0.2550000000,0.9750000000,0,0.0000000000
0.2650000000,0.0250000000,0,0.0000000000
0.2650000000,0.0750000000,0,0.0000000000
0.2650000000,0.1250000000,0,0.0000000000
0.2650000000,0.1750000000,0,0.0000000000
0.2650000000,0.2250000000,1783,0.0000356600
0.2650000000,0.2750000000,11800,0.0002360000
0.2650000000,0.3250000000,20939,0.0004187800
0.2650000000,0.3750000000,27308,0.0005461600
0.2650000000,0.4250000000,34265,0.0006853000
0.2650000000,0.4750000000,62787,0.0012557400
0.2650000000,0.5250000000,13330,0.0002666000
0.2650000000,0.5750000000,14246,0.0002849200
0.2650000000,0.6250000000,15170,0.0003034000
0.2650000000,0.6750000000,16689,0.0003337800
0.2650000000,0.7250000000,18937,0.0003787400
0.2650000000,0.7750000000,23029,0.0004605800
0.2650000000,0.8250000000,34500,0.0006900000
0.2650000000,0.8750000000,37665,0.0007533000
0.2650000000,0.9250000000,0,0.0000000000
0.2650000000,0.9750000000,0,0.0000000000
0.2750000000,0.0250000000,0,0.0000000000
0.2750000000,0.0750000000,0,0.0000000000
0.2750000000,0.1250000000,0,0.0000000000
0.2750000000,0.1750000000,0,0.0000000000
0.2750000000,0.2250000000,1594,0.0000318800
0.2750000000,0.2750000000,11480,0.0002296000
0.2750000000,0.3250000000,20382,0.0004076400
0.2750000000,0.3750000000,27224,0.0005444800
0.2750000000,0.4250000000,35135,0.0007027000
0.2750000000,0.4750000000,56248,0.0011249600
0.2750000000,0.5250000000,13291,0.0002658200
0.2750000000,0.5750000000,14094,0.0002818800
0.2750000000,0.6250000000,15291,0.0003058200
0.2750000000,0.6750000000,16564,0.0003312800
0.2750000000,0.7250000000,18549,0.0003709800
0.2750000000,0.7750000000,22850,0.0004570000
0.2750000000,0.8250000000,32627,0.0006525400
0.2750000000,0.8750000000,42993,0.0008598600
0.2750000000,0.9250000000,0,0.0000000000
0.2750000000,0.9750000000,0,0.0000000000
0.2850000000,0.0250000000,0,0.0000000000
0.2850000000,0.0750000000,0,0.0000000000
0.2850000000,0.1250000000,0,0.0000000000
0.2850000000,0.1750000000,0,0.0000000000
0.2850000000,0.2250000000,1339,0.0000267800
0.2850000000,0.2750000000,11444,0.0002288800
0.2850000000,0.3250000000,20260,0.0004052000
0.2850000000,0.3750000000,27603,0.0005520600
0.2850000000,0.4250000000,37169,0.0007433800
0.2850000000,0.4750000000,49211,0.0009842200
0.2850000000,0.5250000000,13392,0.0002678400
0.2850000000,0.5750000000,14174,0.0002834800
0.2850000000,0.6250000000,14799,0.0002959800
0.2850000000,0.6750000000,16179,0.0003235800
0.2850000000,0.7250000000,18615,0.0003723000
0.2850000000,0.7750000000,22147,0.0004429400
0.2850000000,0.8250000000,31129,0.0006225800
0.2850000000,0.8750000000,46710,0.0009342000
0.2850000000,0.9250000000,0,0.0000000000
0.2850000000,0.9750000000,0,0.0000000000
0.2950000000,0.0250000000,0,0.0000000000
0.2950000000,0.0750000000,0,0.0000000000
0.2950000000,0.1250000000,0,0.0000000000
0.2950000000,0.1750000000,0,0.0000000000
0.2950000000,0.2250000000,1245,0.0000249000
0.2950000000,0.2750000000,11017,0.0002203400
0.2950000000,0.3250000000,20153,0.0004030600
0.2950000000,0.3750000000,27757,0.0005551400
0.2950000000,0.4250000000,39285,0.0007857000
0.2950000000,0.4750000000,41283,0.0008256600
0.2950000000,0.5250000000,13407,0.0002681400
0.2950000000,0.5750000000,13919,0.0002783800
0.2950000000,0.6250000000,15082,0.0003016400
0.2950000000,0.6750000000,16208,0.0003241600
0.2950000000,0.7250000000,18390,0.0003678000
0.2950000000,0.7750000000,21522,0.0004304400
0.2950000000,0.8250000000,29490,0.0005898000
0.2950000000,0.8750000000,50892,0.0010178400
0.2950000000,0.9250000000,0,0.0000000000
0.2950000000,0.9750000000,0,0.0000000000
0.3050000000,0.0250000000,0,0.0000000000
0.3050000000,0.0750000000,0,0.0000000000
0.3050000000,0.1250000000,0,0.0000000000
0.3050000000,0.1750000000,0,0.0000000000
0.3050000000,0.2250000000,1025,0.0000205000
0.3050000000,0.2750000000,10630,0.0002126000
0.3050000000,0.3250000000,19789,0.0003957800
0.3050000000,0.3750000000,27767,0.0005553400
0.3050000000,0.4250000000,43658,0.0008731600
0.3050000000,0.4750000000,31196,0.0006239200
0.3050000000,0.5250000000,13319,0.0002663800
0.3050000000,0.5750000000,14020,0.0002804000
0.3050000000,0.6250000000,15085,0.0003017000
0.3050000000,0.6750000000,16254,0.0003250800
0.3050000000,0.7250000000,18124,0.0003624800
0.3050000000,0.7750000000,21348,0.0004269600
0.3050000000,0.8250000000,28323,0.0005664600
0.3050000000,0.8750000000,54864,0.0010972800
0.3050000000,0.9250000000,0,0.0000000000
0.3050000000,0.9750000000,0,0.0000000000
0.3150000000,0.0250000000,0,0.0000000000
0.3150000000,0.0750000000,0,0.0000000000
0.3150000000,0.1250000000,0,0.0000000000
0.3150000000,0.1750000000,0,0.0000000000
0.3150000000,0.2250000000,811,0.0000162200
0.3150000000,0.2750000000,10090,0.0002018000
0.3150000000,0.3250000000,19515,0.0003903000
0.3150000000,0.3750000000,28295,0.0005659000
0.3150000000,0.4250000000,53448,0.0010689600
0.3150000000,0.4750000000,15265,0.0003053000
0.3150000000,0.5250000000,13143,0.0002628600
0.3150000000,0.5750000000,13814,0.0002762800
0.3150000000,0.6250000000,14803,0.0002960600
0.3150000000,0.6750000000,15938,0.0003187600
0.3150000000,0.7250000000,17841,0.0003568200
0.3150000000,0.7750000000,20820,0.0004164000
0.3150000000,0.8250000000,27539,0.0005507800
0.3150000000,0.8750000000,57848,0.0011569600
0.3150000000,0.9250000000,0,0.0000000000
0.3150000000,0.9750000000,0,0.0000000000
0.3250000000,0.0250000000,0,0.0000000000
0.3250000000,0.0750000000,0,0.0000000000
0.3250000000,0.1250000000,0,0.0000000000
0.3250000000,0.1750000000,0,0.0000000000
0.3250000000,0.2250000000,638,0.0000127600
0.3250000000,0.2750000000,9894,0.0001978800
0.3250000000,0.3250000000,19396,0.0003879200
0.3250000000,0.3750000000,28664,0.0005732800
0.3250000000,0.4250000000,50264,0.0010052800
0.3250000000,0.4750000000,12757,0.0002551400
0.3250000000,0.5250000000,13420,0.0002684000
0.3250000000,0.5750000000,13944,0.0002788800
0.3250000000,0.6250000000,14999,0.0002999800
0.3250000000,0.6750000000,15894,0.0003178800
0.3250000000,0.7250000000,17773,0.0003554600
0.3250000000,0.7750000000,20774,0.0004154800
0.3250000000,0.8250000000,26582,0.0005316400
0.3250000000,0.8750000000,59884,0.0011976800
0.3250000000,0.9250000000,940,0.0000188000
0.3250000000,0.9750000000,0,0.0000000000
0.3350000000,0.0250000000,0,0.0000000000
0.3350000000,0.0750000000,0,0.0000000000
0.3350000000,0.1250000000,0,0.0000000000
0.3350000000,0.1750000000,0,0.0000000000
0.3350000000,0.2250000000,489,0.0000097800
0.3350000000,0.2750000000,9328,0.0001865600
0.3350000000,0.3250000000,19379,0.0003875800
0.3350000000,0.3750000000,29469,0.0005893800
0.3350000000,0.4250000000,43774,0.0008754800
0.3350000000,0.4750000000,12965,0.0002593000
0.3350000000,0.5250000000,13394,0.0002678800
0.3350000000,0.5750000000,13760,0.0002752000
0.3350000000,0.6250000000,14773,0.0002954600
0.3350000000,0.6750000000,15886,0.0003177200
0.3350000000,0.7250000000,17455,0.0003491000
0.3350000000,0.7750000000,20295,0.0004059000
0.3350000000,0.8250000000,25817,0.0005163400
0.3350000000,0.8750000000,48524,0.0009704800
0.3350000000,0.9250000000,15053,0.0003010600
0.3350000000,0.9750000000,0,0.0000000000
0.3450000000,0.0250000000,0,0.0000000000
0.3450000000,0.0750000000,0,0.0000000000
0.3450000000,0.1250000000,0,0.0000000000
0.3450000000,0.1750000000,0,0.0000000000
0.3450000000,0.2250000000,414,0.0000082800
0.3450000000,0.2750000000,8907,0.0001781400
0.3450000000,0.3250000000,18729,0.0003745800
0.3450000000,0.3750000000,30826,0.0006165200
0.3450000000,0.4250000000,36403,0.0007280600
0.3450000000,0.4750000000,12788,0.0002557600
0.3450000000,0.5250000000,13247,0.0002649400
0.3450000000,0.5750000000,13767,0.0002753400
0.3450000000,0.6250000000,14851,0.0002970200
0.3450000000,0.6750000000,15707,0.0003141400
0.3450000000,0.7250000000,17369,0.0003473800
0.3450000000,0.7750000000,19819,0.0003963800
0.3450000000,0.8250000000,25017,0.0005003400
0.3450000000,0.8750000000,42960,0.0008592000
0.3450000000,0.9250000000,24062,0.0004812400
0.3450000000,0.9750000000,0,0.0000000000
0.3550000000,0.0250000000,0,0.0000000000
0.3550000000,0.0750000000,0,0.0000000000
0.3550000000,0.1250000000,0,0.0000000000
0.3550000000,0.1750000000,0,0.0000000000
0.3550000000,0.2250000000,450,0.0000090000
0.3550000000,0.2750000000,8323,0.0001664600
0.3550000000,0.3250000000,18800,0.0003760000
0.3550000000,0.3750000000,33380,0.0006676000
0.3550000000,0.4250000000,28689,0.0005737800
0.3550000000,0.4750000000,12900,0.0002580000
0.3550000000,0.5250000000,13226,0.0002645200
0.3550000000,0.5750000000,13576,0.0002715200
0.3550000000,0.6250000000,14801,0.0002960200
0.3550000000,0.6750000000,15416,0.0003083200
0.3550000000,0.7250000000,17335,0.0003467000
0.3550000000,0.7750000000,19802,0.0003960400
0.3550000000,0.8250000000,24369,0.0004873800
0.3550000000,0.8750000000,39178,0.0007835600
0.3550000000,0.9250000000,30439,0.0006087800
0.3550000000,0.9750000000,0,0.0000000000
0.3650000000,0.0250000000,0,0.0000000000
0.3650000000,0.0750000000,0,0.0000000000
0.3650000000,0.1250000000,0,0.0000000000
0.3650000000,0.1750000000,0,0.0000000000
0.3650000000,0.2250000000,456,0.0000091200
0.3650000000,0.2750000000,7756,0.0001551200
0.3650000000,0.3250000000,18620,0.0003724000
0.3650000000,0.3750000000,39739,0.0007947800
0.3650000000,0.4250000000,16372,0.0003274400
0.3650000000,0.4750000000,12855,0.0002571000
0.3650000000,0.5250000000,13258,0.0002651600
0.3650000000,0.5750000000,13860,0.0002772000
0.3650000000,0.6250000000,14569,0.0002913800
0.3650000000,0.6750000000,15536,0.0003107200
0.3650000000,0.7250000000,17322,0.0003464400
0.3650000000,0.7750000000,19531,0.0003906200
0.3650000000,0.8250000000,23768,0.0004753600
0.3650000000,0.8750000000,36492,0.0007298400
0.3650000000,0.9250000000,35678,0.0007135600
0.3650000000,0.9750000000,0,0.0000000000
0.3750000000,0.0250000000,0,0.0000000000
0.3750000000,0.0750000000,0,0.0000000000
0.3750000000,0.1250000000,0,0.0000000000
0.3750000000,0.1750000000,0,0.0000000000
0.3750000000,0.2250000000,536,0.0000107200
0.3750000000,0.2750000000,7415,0.0001483000
0.3750000000,0.3250000000,18503,0.0003700600
0.3750000000,0.3750000000,37643,0.0007528600
0.3750000000,0.4250000000,12601,0.0002520200
0.3750000000,0.4750000000,12714,0.0002542800
0.3750000000,0.5250000000,13343,0.0002668600
0.3750000000,0.5750000000,13816,0.0002763200
0.3750000000,0.6250000000,14435,0.0002887000
0.3750000000,0.6750000000,15582,0.0003116400
0.3750000000,0.7250000000,17277,0.0003455400
0.3750000000,0.7750000000,19569,0.0003913800
0.3750000000,0.8250000000,23708,0.0004741600
0.3750000000,0.8750000000,34607,0.0006921400
0.3750000000,0.9250000000,39731,0.0007946200
0.3750000000,0.9750000000,0,0.0000000000
0.3850000000,0.0250000000,0,0.0000000000
0.3850000000,0.0750000000,0,0.0000000000
0.3850000000,0.1250000000,0,0.0000000000
0.3850000000,0.1750000000,0,0.0000000000
0.3850000000,0.2250000000,572,0.0000114400
0.3850000000,0.2750000000,6897,0.0001379400
0.3850000000,0.3250000000,18277,0.0003655400
0.3850000000,0.3750000000,32255,0.0006451000
0.3850000000,0.4250000000,12580,0.0002516000
0.3850000000,0.4750000000,12765,0.0002553000
0.3850000000,0.5250000000,13492,0.0002698400
0.3850000000,0.5750000000,13718,0.0002743600
0.3850000000,0.6250000000,14503,0.0002900600
0.3850000000,0.6750000000,15615,0.0003123000
0.3850000000,0.7250000000,16757,0.0003351400
0.3850000000,0.7750000000,19174,0.0003834800
0.3850000000,0.8250000000,23058,0.0004611600
0.3850000000,0.8750000000,32898,0.0006579600
0.3850000000,0.9250000000,44258,0.0008851600
0.3850000000,0.9750000000,0,0.0000000000
0.3950000000,0.0250000000,0,0.0000000000
0.3950000000,0.0750000000,0,0.0000000000
0.3950000000,0.1250000000,0,0.0000000000
0.3950000000,0.1750000000,0,0.0000000000
0.3950000000,0.2250000000,710,0.0000142000
0.3950000000,0.2750000000,6724,0.0001344800
0.3950000000,0.3250000000,18303,0.0003660600
0.3950000000,0.3750000000,26866,0.0005373200
0.3950000000,0.4250000000,12507,0.0002501400
0.3950000000,0.4750000000,12953,0.0002590600
0.3950000000,0.5250000000,13114,0.0002622800
0.3950000000,0.5750000000,13633,0.0002726600
0.3950000000,0.6250000000,14616,0.0002923200
0.3950000000,0.6750000000,15374,0.0003074800
0.3950000000,0.7250000000,16701,0.0003340200
0.3950000000,0.7750000000,18913,0.0003782600
0.3950000000,0.8250000000,22690,0.0004538000
0.3950000000,0.8750000000,31835,0.0006367000
0.3950000000,0.9250000000,47909,0.0009581800
0.3950000000,0.9750000000,0,0.0000000000
0.4050000000,0.0250000000,0,0.0000000000
0.4050000000,0.0750000000,0,0.0000000000
0.4050000000,0.1250000000,0,0.0000000000
0.4050000000,0.1750000000,0,0.0000000000
0.4050000000,0.2250000000,779,0.0000155800
0.4050000000,0.2750000000,6507,0.0001301400
0.4050000000,0.3250000000,18339,0.0003667800
0.4050000000,0.3750000000,21102,0.0004220400
0.4050000000,0.4250000000,12597,0.0002519400
0.4050000000,0.4750000000,12810,0.0002562000
0.4050000000,0.5250000000,13203,0.0002640600
0.4050000000,0.5750000000,13810,0.0002762000
0.4050000000,0.6250000000,14390,0.0002878000
0.4050000000,0.6750000000,15476,0.0003095200
0.4050000000,0.7250000000,16729,0.0003345800
0.4050000000,0.7750000000,18731,0.0003746200
0.4050000000,0.8250000000,22280,0.0004456000
0.4050000000,0.8750000000,30544,0.0006108800
0.4050000000,0.9250000000,50750,0.0010150000
0.4050000000,0.9750000000,0,0.0000000000
0.4150000000,0.0250000000,0,0.0000000000
0.4150000000,0.0750000000,0,0.0000000000
0.4150000000,0.1250000000,0,0.0000000000
0.4150000000,0.1750000000,0,0.0000000000
0.4150000000,0.2250000000,905,0.0000181000
0.4150000000,0.2750000000,6520,0.0001304000
0.4150000000,0.3250000000,20477,0.0004095400
0.4150000000,0.3750000000,14246,0.0002849200
0.4150000000,0.4250000000,12494,0.0002498800
0.4150000000,0.4750000000,12862,0.0002572400
0.4150000000,0.5250000000,13194,0.0002638800
0.4150000000,0.5750000000,13827,0.0002765400
0.4150000000,0.6250000000,14484,0.0002896800
0.4150000000,0.6750000000,15463,0.0003092600
0.4150000000,0.7250000000,16717,0.0003343400
0.4150000000,0.7750000000,18946,0.0003789200
0.4150000000,0.8250000000,21859,0.0004371800
0.4150000000,0.8750000000,29683,0.0005936600
0.4150000000,0.9250000000,54542,0.0010908400
0.4150000000,0.9750000000,0,0.0000000000
0.4250000000,0.0250000000,0,0.0000000000
0.4250000000,0.0750000000,0,0.0000000000
0.4250000000,0.1250000000,0,0.0000000000
0.4250000000,0.1750000000,0,0.0000000000
0.4250000000,0.2250000000,1001,0.0000200200
0.4250000000,0.2750000000,6605,0.0001321000
0.4250000000,0.3250000000,17788,0.0003557600
0.4250000000,0.3750000000,12445,0.0002489000
0.4250000000,0.4250000000,12733,0.0002546600
0.4250000000,0.4750000000,13219,0.0002643800
0.4250000000,0.5250000000,13680,0.0002736000
0.4250000000,0.5750000000,13912,0.0002782400
0.4250000000,0.6250000000,14610,0.0002922000
0.4250000000,0.6750000000,15164,0.0003032800
0.4250000000,0.7250000000,16882,0.0003376400
0.4250000000,0.7750000000,18585,0.0003717000
0.4250000000,0.8250000000,21669,0.0004333800
0.4250000000,0.8750000000,28801,0.0005760200
0.4250000000,0.9250000000,56995,0.0011399000
0.4250000000,0.9750000000,0,0.0000000000
0.4350000000,0.0250000000,0,0.0000000000
0.4350000000,0.0750000000,0,0.0000000000
0.4350000000,0.1250000000,0,0.0000000000
0.4350000000,0.1750000000,0,0.0000000000
0.4350000000,0.2250000000,1143,0.0000228600
0.4350000000,0.2750000000,6886,0.0001377200
0.4350000000,0.3250000000,13526,0.0002705200
0.4350000000,0.3750000000,12443,0.0002488600
0.4350000000,0.4250000000,12524,0.0002504800
0.4350000000,0.4750000000,12826,0.0002565200
0.4350000000,0.5250000000,13332,0.0002666400
0.4350000000,0.5750000000,13599,0.0002719800
0.4350000000,0.6250000000,14386,0.0002877200
0.4350000000,0.6750000000,15048,0.0003009600
0.4350000000,0.7250000000,16549,0.0003309800
0.4350000000,0.7750000000,18247,0.0003649400
0.4350000000,0.8250000000,21667,0.0004333400
0.4350000000,0.8750000000,27918,0.0005583600
0.4350000000,0.9250000000,59847,0.0011969400
0.4350000000,0.9750000000,0,0.0000000000
0.4450000000,0.0250000000,0,0.0000000000
0.4450000000,0.0750000000,0,0.0000000000
0.4450000000,0.1250000000,0,0.0000000000
0.4450000000,0.1750000000,0,0.0000000000
0.4450000000,0.2250000000,1328,0.0000265600
0.4450000000,0.2750000000,7168,0.0001433600
0.4450000000,0.3250000000,11465,0.0002293000
0.4450000000,0.3750000000,12571,0.0002514200
0.4450000000,0.4250000000,12858,0.0002571600
0.4450000000,0.4750000000,12962,0.0002592400
0.4450000000,0.5250000000,13368,0.0002673600
0.4450000000,0.5750000000,13857,0.0002771400
0.4450000000,0.6250000000,14351,0.0002870200
0.4450000000,0.6750000000,15399,0.0003079800
0.4450000000,0.7250000000,16442,0.0003288400
0.4450000000,0.7750000000,18284,0.0003656800
0.4450000000,0.8250000000,21251,0.0004250200
0.4450000000,0.8750000000,27591,0.0005518200
0.4450000000,0.9250000000,61967,0.0012393400
0.4450000000,0.9750000000,0,0.0000000000
0.4550000000,0.0250000000,0,0.0000000000
0.4550000000,0.0750000000,0,0.0000000000
0.4550000000,0.1250000000,0,0.0000000000
0.4550000000,0.1750000000,0,0.0000000000
0.4550000000,0.2250000000,1447,0.0000289400
0.4550000000,0.2750000000,7151,0.0001430200
0.4550000000,0.3250000000,11105,0.0002221000
0.4550000000,0.3750000000,12855,0.0002571000
0.4550000000,0.4250000000,12958,0.0002591600
0.4550000000,0.4750000000,13012,0.0002602400
0.4550000000,0.5250000000,13336,0.0002667200
0.4550000000,0.5750000000,14053,0.0002810600
0.4550000000,0.6250000000,14405,0.0002881000
0.4550000000,0.6750000000,15280,0.0003056000
0.4550000000,0.7250000000,16585,0.0003317000
0.4550000000,0.7750000000,18176,0.0003635200
0.4550000000,0.8250000000,21205,0.0004241000
0.4550000000,0.8750000000,26510,0.0005302000
0.4550000000,0.9250000000,55357,0.0011071400
0.4550000000,0.9750000000,9701,0.0001940200
0.4650000000,0.0250000000,0,0.0000000000
0.4650000000,0.0750000000,0,0.0000000000
0.4650000000,0.1250000000,0,0.0000000000
0.4650000000,0.1750000000,0,0.0000000000
0.4650000000,0.2250000000,1794,0.0000358800
0.4650000000,0.2750000000,7758,0.0001551600
0.4650000000,0.3250000000,11300,0.0002260000
0.4650000000,0.3750000000,12689,0.0002537800
0.4650000000,0.4250000000,13000,0.0002600000
0.4650000000,0.4750000000,12820,0.0002564000
0.4650000000,0.5250000000,13497,0.0002699400
0.4650000000,0.5750000000,13737,0.0002747400
0.4650000000,0.6250000000,14416,0.0002883200
0.4650000000,0.6750000000,15122,0.0003024400
0.4650000000,0.7250000000,16567,0.0003313400
0.4650000000,0.7750000000,18354,0.0003670800
0.4650000000,0.8250000000,20978,0.0004195600
0.4650000000,0.8750000000,26143,0.0005228600
0.4650000000,0.9250000000,47569,0.0009513800
0.4650000000,0.9750000000,19853,0.0003970600
0.4750000000,0.0250000000,0,0.0000000000
0.4750000000,0.0750000000,0,0.0000000000
0.4750000000,0.1250000000,0,0.0000000000
0.4750000000,0.1750000000,0,0.0000000000
0.4750000000,0.2250000000,1797,0.0000359400
0.4750000000,0.2750000000,7913,0.0001582600
0.4750000000,0.3250000000,11364,0.0002272800
0.4750000000,0.3750000000,12817,0.0002563400
0.4750000000,0.4250000000,12668,0.0002533600
0.4750000000,0.4750000000,13302,0.0002660400
0.4750000000,0.5250000000,13410,0.0002682000
0.4750000000,0.5750000000,13813,0.0002762600
0.4750000000,0.6250000000,14570,0.0002914000
0.4750000000,0.6750000000,15327,0.0003065400
0.4750000000,0.7250000000,16424,0.0003284800
0.4750000000,0.7750000000,18021,0.0003604200
0.4750000000,0.8250000000,20822,0.0004164400
0.4750000000,0.8750000000,26056,0.0005211200
0.4750000000,0.9250000000,43396,0.0008679200
0.4750000000,0.9750000000,25694,0.0005138800
0.4850000000,0.0250000000,0,0.0000000000
0.4850000000,0.0750000000,0,0.0000000000
0.4850000000,0.1250000000,0,0.0000000000
0.4850000000,0.1750000000,0,0.0000000000
0.4850000000,0.2250000000,2117,0.0000423400
0.4850000000,0.2750000000,8089,0.0001617800
0.4850000000,0.3250000000,11702,0.0002340400
0.4850000000,0.3750000000,12835,0.0002567000
0.4850000000,0.4250000000,12941,0.0002588200
0.4850000000,0.4750000000,13296,0.0002659200
0.4850000000,0.5250000000,13406,0.0002681200
0.4850000000,0.5750000000,14091,0.0002818200
0.4850000000,0.6250000000,14427,0.0002885400
0.4850000000,0.6750000000,15276,0.0003055200
0.4850000000,0.7250000000,16493,0.0003298600
0.4850000000,0.7750000000,18199,0.0003639800
0.4850000000,0.8250000000,20868,0.0004173600
0.4850000000,0.8750000000,25579,0.0005115800
0.4850000000,0.9250000000,40873,0.0008174600
0.4850000000,0.9750000000,30488,0.0006097600
0.4950000000,0.0250000000,0,0.0000000000
0.4950000000,0.0750000000,0,0.0000000000
0.4950000000,0.1250000000,0,0.0000000000
0.4950000000,0.1750000000,0,0.0000000000
0.4950000000,0.2250000000,2318,0.0000463600
0.4950000000,0.2750000000,8408,0.0001681600
0.4950000000,0.3250000000,11708,0.0002341600
0.4950000000,0.3750000000,12958,0.0002591600
0.4950000000,0.4250000000,12989,0.0002597800
0.4950000000,0.4750000000,13245,0.0002649000
0.4950000000,0.5250000000,13571,0.0002714200
0.4950000000,0.5750000000,13816,0.0002763200
0.4950000000,0.6250000000,14372,0.0002874400
0.4950000000,0.6750000000,15339,0.0003067800
0.4950000000,0.7250000000,16281,0.0003256200
0.4950000000,0.7750000000,17984,0.0003596800
0.4950000000,0.8250000000,20572,0.0004114400
0.4950000000,0.8750000000,25197,0.0005039400
0.4950000000,0.9250000000,39090,0.0007818000
0.4950000000,0.9750000000,34671,0.0006934200
0.5050000000,0.0250000000,0,0.0000000000
0.5050000000,0.0750000000,0,0.0000000000
0.5050000000,0.1250000000,0,0.0000000000
0.5050000000,0.1750000000,0,0.0000000000
0.5050000000,0.2250000000,2646,0.0000529200
0.5050000000,0.2750000000,8619,0.0001723800
0.5050000000,0.3250000000,12051,0.0002410200
0.5050000000,0.3750000000,12926,0.0002585200
0.5050000000,0.4250000000,13061,0.0002612200
0.5050000000,0.4750000000,13424,0.0002684800
0.5050000000,0.5250000000,13464,0.0002692800
0.5050000000,0.5750000000,13892,0.0002778400
0.5050000000,0.6250000000,14189,0.0002837800
0.5050000000,0.6750000000,15326,0.0003065200
0.5050000000,0.7250000000,16382,0.0003276400
0.5050000000,0.7750000000,17982,0.0003596400
0.5050000000,0.8250000000,20269,0.0004053800
0.5050000000,0.8750000000,24536,0.0004907200
0.5050000000,0.9250000000,37881,0.0007576200
0.5050000000,0.9750000000,38265,0.0007653000
0.5150000000,0.0250000000,0,0.0000000000
0.5150000000,0.0750000000,0,0.0000000000
0.5150000000,0.1250000000,0,0.0000000000
0.5150000000,0.1750000000,0,0.0000000000
0.5150000000,0.2250000000,3013,0.0000602600
0.5150000000,0.2750000000,8944,0.0001788800
0.5150000000,0.3250000000,12157,0.0002431400
0.5150000000,0.3750000000,13009,0.0002601800
0.5150000000,0.4250000000,13227,0.0002645400
0.5150000000,0.4750000000,13349,0.0002669800
0.5150000000,0.5250000000,13487,0.0002697400
0.5150000000,0.5750000000,13931,0.0002786200
0.5150000000,0.6250000000,14620,0.0002924000
0.5150000000,0.6750000000,15344,0.0003068800
0.5150000000,0.7250000000,16385,0.0003277000
0.5150000000,0.7750000000,17983,0.0003596600
0.5150000000,0.8250000000,20246,0.0004049200
0.5150000000,0.8750000000,24640,0.0004928000
0.5150000000,0.9250000000,35997,0.0007199400
0.5150000000,0.9750000000,41129,0.0008225800
0.5250000000,0.0250000000,0,0.0000000000
0.5250000000,0.0750000000,0,0.0000000000
0.5250000000,0.1250000000,0,0.0000000000
0.5250000000,0.1750000000,0,0.0000000000
0.5250000000,0.2250000000,3439,0.0000687800
0.5250000000,0.2750000000,9299,0.0001859800
0.5250000000,0.3250000000,12300,0.0002460000
0.5250000000,0.3750000000,13183,0.0002636600
0.5250000000,0.4250000000,13527,0.0002705400
0.5250000000,0.4750000000,13638,0.0002727600
0.5250000000,0.5250000000,13625,0.0002725000
0.5250000000,0.5750000000,14397,0.0002879400
0.5250000000,0.6250000000,14657,0.0002931400
0.5250000000,0.6750000000,15496,0.0003099200
0.5250000000,0.7250000000,16413,0.0003282600
0.5250000000,0.7750000000,17926,0.0003585200
0.5250000000,0.8250000000,20236,0.0004047200
0.5250000000,0.8750000000,24855,0.0004971000
0.5250000000,0.9250000000,35038,0.0007007600
0.5250000000,0.9750000000,44231,0.0008846200
0.5350000000,0.0250000000,0,0.0000000000
0.5350000000,0.0750000000,0,0.0000000000
0.5350000000,0.1250000000,0,0.0000000000
0.5350000000,0.1750000000,0,0.0000000000
0.5350000000,0.2250000000,3839,0.0000767800
0.5350000000,0.2750000000,9747,0.0001949400
0.5350000000,0.3250000000,12552,0.0002510400
0.5350000000,0.3750000000,13268,0.0002653600
0.5350000000,0.4250000000,13364,0.0002672800
0.5350000000,0.4750000000,13694,0.0002738800
0.5350000000,0.5250000000,13633,0.0002726600
0.5350000000,0.5750000000,13983,0.0002796600
0.5350000000,0.6250000000,14493,0.0002898600
0.5350000000,0.6750000000,15360,0.0003072000
0.5350000000,0.7250000000,16428,0.0003285600
0.5350000000,0.7750000000,17926,0.0003585200
0.5350000000,0.8250000000,20261,0.0004052200
0.5350000000,0.8750000000,24331,0.0004866200
0.5350000000,0.9250000000,34424,0.0006884800
0.5350000000,0.9750000000,46634,0.0009326800
0.5450000000,0.0250000000,0,0.0000000000
0.5450000000,0.0750000000,0,0.0000000000
0.5450000000,0.1250000000,0,0.0000000000
0.5450000000,0.1750000000,2,0.0000000400
0.5450000000,0.2250000000,4270,0.0000854000
0.5450000000,0.2750000000,9998,0.0001999600
0.5450000000,0.3250000000,12902,0.0002580400
0.5450000000,0.3750000000,13426,0.0002685200
0.5450000000,0.4250000000,13460,0.0002692000
0.5450000000,0.4750000000,13467,0.0002693400
0.5450000000,0.5250000000,13871,0.0002774200
0.5450000000,0.5750000000,14206,0.0002841200
0.5450000000,0.6250000000,14759,0.0002951800
0.5450000000,0.6750000000,15411,0.0003082200
0.5450000000,0.7250000000,16369,0.0003273800
0.5450000000,0.7750000000,17722,0.0003544400
0.5450000000,0.8250000000,20114,0.0004022800
0.5450000000,0.8750000000,23772,0.0004754400
0.5450000000,0.9250000000,33022,0.0006604400
0.5450000000,0.9750000000,49162,0.0009832400
0.5550000000,0.0250000000,0,0.0000000000
0.5550000000,0.0750000000,0,0.0000000000
0.5550000000,0.1250000000,0,0.0000000000
0.5550000000,0.1750000000,33,0.0000006600
0.5550000000,0.2250000000,4799,0.0000959800
0.5550000000,0.2750000000,10312,0.0002062400
0.5550000000,0.3250000000,13053,0.0002610600
0.5550000000,0.3750000000,13500,0.0002700000
0.5550000000,0.4250000000,13430,0.0002686000
0.5550000000,0.4750000000,13704,0.0002740800
0.5550000000,0.5250000000,13895,0.0002779000
0.5550000000,0.5750000000,13886,0.0002777200
0.5550000000,0.6250000000,14720,0.0002944000
0.5550000000,0.6750000000,15509,0.0003101800
0.5550000000,0.7250000000,16422,0.0003284400
0.5550000000,0.7750000000,17785,0.0003557000
0.5550000000,0.8250000000,20096,0.0004019200
0.5550000000,0.8750000000,24045,0.0004809000
0.5550000000,0.9250000000,32638,0.0006527600
0.5550000000,0.9750000000,51799,0.0010359800
0.5650000000,0.0250000000,0,0.0000000000
0.5650000000,0.0750000000,0,0.0000000000
0.5650000000,0.1250000000,0,0.0000000000
0.5650000000,0.1750000000,109,0.0000021800
0.5650000000,0.2250000000,5230,0.0001046000
0.5650000000,0.2750000000,10865,0.0002173000
0.5650000000,0.3250000000,13302,0.0002660400
0.5650000000,0.3750000000,13611,0.0002722200
0.5650000000,0.4250000000,13822,0.0002764400
0.5650000000,0.4750000000,14026,0.0002805200
0.5650000000,0.5250000000,14026,0.0002805200
0.5650000000,0.5750000000,14330,0.0002866000
0.5650000000,0.6250000000,14852,0.0002970400
0.5650000000,0.6750000000,15644,0.0003128800
0.5650000000,0.7250000000,16315,0.0003263000
0.5650000000,0.7750000000,17856,0.0003571200
0.5650000000,0.8250000000,20092,0.0004018400
0.5650000000,0.8750000000,23688,0.0004737600
0.5650000000,0.9250000000,32527,0.0006505400
0.5650000000,0.9750000000,53673,0.0010734600
0.5750000000,0.0250000000,0,0.0000000000
0.5750000000,0.0750000000,0,0.0000000000
0.5750000000,0.1250000000,0,0.0000000000
0.5750000000,0.1750000000,221,0.0000044200
0.5750000000,0.2250000000,6067,0.0001213400
0.5750000000,0.2750000000,11347,0.0002269400
0.5750000000,0.3250000000,13425,0.0002685000
0.5750000000,0.3750000000,13671,0.0002734200
0.5750000000,0.4250000000,13851,0.0002770200
0.5750000000,0.4750000000,13961,0.0002792200
0.5750000000,0.5250000000,14165,0.0002833000
0.5750000000,0.5750000000,14310,0.0002862000
0.5750000000,0.6250000000,14741,0.0002948200
0.5750000000,0.6750000000,15366,0.0003073200
0.5750000000,0.7250000000,16502,0.0003300400
0.5750000000,0.7750000000,17754,0.0003550800
0.5750000000,0.8250000000,19862,0.0003972400
0.5750000000,0.8750000000,23565,0.0004713000
0.5750000000,0.9250000000,31629,0.0006325800
0.5750000000,0.9750000000,55725,0.0011145000
0.5850000000,0.0250000000,0,0.0000000000
0.5850000000,0.0750000000,0,0.0000000000
0.5850000000,0.1250000000,0,0.0000000000
0.5850000000,0.1750000000,384,0.0000076800
0.5850000000,0.2250000000,6511,0.0001302200
0.5850000000,0.2750000000,11572,0.0002314400
0.5850000000,0.3250000000,13850,0.0002770000
0.5850000000,0.3750000000,13825,0.0002765000
0.5850000000,0.4250000000,13904,0.0002780800
0.5850000000,0.4750000000,13967,0.0002793400
0.5850000000,0.5250000000,14030,0.0002806000
0.5850000000,0.5750000000,14381,0.0002876200
0.5850000000,0.6250000000,15105,0.0003021000
0.5850000000,0.6750000000,15600,0.0003120000
0.5850000000,0.7250000000,16403,0.0003280600
0.5850000000,0.7750000000,17759,0.0003551800
0.5850000000,0.8250000000,20091,0.0004018200
0.5850000000,0.8750000000,23395,0.0004679000
0.5850000000,0.9250000000,31458,0.0006291600
0.5850000000,0.9750000000,57382,0.0011476400
0.5950000000,0.0250000000,0,0.0000000000
0.5950000000,0.0750000000,0,0.0000000000
0.5950000000,0.1250000000,0,0.0000000000
0.5950000000,0.1750000000,649,0.0000129800
0.5950000000,0.2250000000,7281,0.0001456200
0.5950000000,0.2750000000,12280,0.0002456000
0.5950000000,0.3250000000,14099,0.0002819800
0.5950000000,0.3750000000,13903,0.0002780600
0.5950000000,0.4250000000,14060,0.0002812000
0.5950000000,0.4750000000,14074,0.0002814800
0.5950000000,0.5250000000,14218,0.0002843600
0.5950000000,0.5750000000,14895,0.0002979000
0.5950000000,0.6250000000,14981,0.0002996200
0.5950000000,0.6750000000,15755,0.0003151000
0.5950000000,0.7250000000,16725,0.0003345000
0.5950000000,0.7750000000,17888,0.0003577600
0.5950000000,0.8250000000,20144,0.0004028800
0.5950000000,0.8750000000,23337,0.0004667400
0.5950000000,0.9250000000,30985,0.0006197000
0.5950000000,0.9750000000,59189,0.0011837800
0.6050000000,0.0250000000,0,0.0000000000
0.6050000000,0.0750000000,0,0.0000000000
0.6050000000,0.1250000000,0,0.0000000000
0.6050000000,0.1750000000,975,0.0000195000
0.6050000000,0.2250000000,8025,0.0001605000
0.6050000000,0.2750000000,12764,0.0002552800
0.6050000000,0.3250000000,14186,0.0002837200
0.6050000000,0.3750000000,14523,0.0002904600
0.6050000000,0.4250000000,14179,0.0002835800
0.6050000000,0.4750000000,14189,0.0002837800
0.6050000000,0.5250000000,14266,0.0002853200
0.6050000000,0.5750000000,14602,0.0002920400
0.6050000000,0.6250000000,15049,0.0003009800
0.6050000000,0.6750000000,15803,0.0003160600
0.6050000000,0.7250000000,16482,0.0003296400
0.6050000000,0.7750000000,17780,0.0003556000
0.6050000000,0.8250000000,20320,0.0004064000
0.6050000000,0.8750000000,23158,0.0004631600
0.6050000000,0.9250000000,30822,0.0006164400
0.6050000000,0.9750000000,60848,0.0012169600
0.6150000000,0.0250000000,0,0.0000000000
0.6150000000,0.0750000000,0,0.0000000000
0.6150000000,0.1250000000,0,0.0000000000
0.6150000000,0.1750000000,1271,0.0000254200
0.6150000000,0.2250000000,8626,0.0001725200
0.6150000000,0.2750000000,13236,0.0002647200
0.6150000000,0.3250000000,14599,0.0002919800
0.6150000000,0.3750000000,14255,0.0002851000
0.6150000000,0.4250000000,14060,0.0002812000
0.6150000000,0.4750000000,14439,0.0002887800
0.6150000000,0.5250000000,14633,0.0002926600
0.6150000000,0.5750000000,14819,0.0002963800
0.6150000000,0.6250000000,15356,0.0003071200
0.6150000000,0.6750000000,15667,0.0003133400
0.6150000000,0.7250000000,16664,0.0003332800
0.6150000000,0.7750000000,18069,0.0003613800
0.6150000000,0.8250000000,20359,0.0004071800
0.6150000000,0.8750000000,23430,0.0004686000
0.6150000000,0.9250000000,30578,0.0006115600
0.6150000000,0.9750000000,62368,0.0012473600
0.6250000000,0.0250000000,0,0.0000000000
0.6250000000,0.0750000000,0,0.0000000000
0.6250000000,0.1250000000,0,0.0000000000
0.6250000000,0.1750000000,1651,0.0000330200
0.6250000000,0.2250000000,9518,0.0001903600
0.6250000000,0.2750000000,13694,0.0002738800
0.6250000000,0.3250000000,14752,0.0002950400
0.6250000000,0.3750000000,14757,0.0002951400
0.6250000000,0.4250000000,14304,0.0002860800
0.6250000000,0.4750000000,14451,0.0002890200
0.6250000000,0.5250000000,14663,0.0002932600
0.6250000000,0.5750000000,14898,0.0002979600
0.6250000000,0.6250000000,15215,0.0003043000
0.6250000000,0.6750000000,15932,0.0003186400
0.6250000000,0.7250000000,16596,0.0003319200
0.6250000000,0.7750000000,18102,0.0003620400
0.6250000000,0.8250000000,20169,0.0004033800
0.6250000000,0.8750000000,23274,0.0004654800
0.6250000000,0.9250000000,30194,0.0006038800
0.6250000000,0.9750000000,63920,0.0012784000
0.6350000000,0.0250000000,0,0.0000000000
0.6350000000,0.0750000000,0,0.0000000000
0.6350000000,0.1250000000,0,0.0000000000
0.6350000000,0.1750000000,2105,0.0000421000
0.6350000000,0.2250000000,10287,0.0002057400
0.6350000000,0.2750000000,13882,0.0002776400
0.6350000000,0.3250000000,14921,0.0002984200
0.6350000000,0.3750000000,14545,0.0002909000
0.6350000000,0.4250000000,14619,0.0002923800
0.6350000000,0.4750000000,14558,0.0002911600
0.6350000000,0.5250000000,14622,0.0002924400
0.6350000000,0.5750000000,14987,0.0002997400
0.6350000000,0.6250000000,15293,0.0003058600
0.6350000000,0.6750000000,15991,0.0003198200
0.6350000000,0.7250000000,16772,0.0003354400
0.6350000000,0.7750000000,18262,0.0003652400
0.6350000000,0.8250000000,20139,0.0004027800
0.6350000000,0.8750000000,23345,0.0004669000
0.6350000000,0.9250000000,30302,0.0006060400
0.6350000000,0.9750000000,65077,0.0013015400
0.6450000000,0.0250000000,0,0.0000000000
0.6450000000,0.0750000000,0,0.0000000000
0.6450000000,0.1250000000,0,0.0000000000
0.6450000000,0.1750000000,2459,0.0000491800
0.6450000000,0.2250000000,11163,0.0002232600
0.6450000000,0.2750000000,14872,0.0002974400
0.6450000000,0.3250000000,15147,0.0003029400
0.6450000000,0.3750000000,15172,0.0003034400
0.6450000000,0.4250000000,14578,0.0002915600
0.6450000000,0.4750000000,14574,0.0002914800
0.6450000000,0.5250000000,15070,0.0003014000
0.6450000000,0.5750000000,15334,0.0003066800
0.6450000000,0.6250000000,15329,0.0003065800
0.6450000000,0.6750000000,16152,0.0003230400
0.6450000000,0.7250000000,17123,0.0003424600
0.6450000000,0.7750000000,18059,0.0003611800
0.6450000000,0.8250000000,19857,0.0003971400
0.6450000000,0.8750000000,23330,0.0004666000
0.6450000000,0.9250000000,29946,0.0005989200
0.6450000000,0.9750000000,66604,0.0013320800
0.6550000000,0.0250000000,0,0.0000000000
0.6550000000,0.0750000000,0,0.0000000000
0.6550000000,0.1250000000,0,0.0000000000
0.6550000000,0.1750000000,2806,0.0000561200
0.6550000000,0.2250000000,12079,0.0002415800
0.6550000000,0.2750000000,15188,0.0003037600
0.6550000000,0.3250000000,15534,0.0003106800
0.6550000000,0.3750000000,15031,0.0003006200
0.6550000000,0.4250000000,14798,0.0002959600
0.6550000000,0.4750000000,14791,0.0002958200
0.6550000000,0.5250000000,15109,0.0003021800
0.6550000000,0.5750000000,15110,0.0003022000
0.6550000000,0.6250000000,15718,0.0003143600
0.6550000000,0.6750000000,16204,0.0003240800
0.6550000000,0.7250000000,17096,0.0003419200
0.6550000000,0.7750000000,18302,0.0003660400
0.6550000000,0.8250000000,20282,0.0004056400
0.6550000000,0.8750000000,23709,0.0004741800
0.6550000000,0.9250000000,30029,0.0006005800
0.6550000000,0.9750000000,67075,0.0013415000
0.6650000000,0.0250000000,0,0.0000000000
0.6650000000,0.0750000000,0,0.0000000000
0.6650000000,0.1250000000,0,0.0000000000
0.6650000000,0.1750000000,3120,0.0000624000
0.6650000000,0.2250000000,12843,0.0002568600
0.6650000000,0.2750000000,15748,0.0003149600
0.6650000000,0.3250000000,15689,0.0003137800
0.6650000000,0.3750000000,15407,0.0003081400
0.6650000000,0.4250000000,15325,0.0003065000
0.6650000000,0.4750000000,15258,0.0003051600
0.6650000000,0.5250000000,15202,0.0003040400
0.6650000000,0.5750000000,15575,0.0003115000
0.6650000000,0.6250000000,15597,0.0003119400
0.6650000000,0.6750000000,16342,0.0003268400
0.6650000000,0.7250000000,17305,0.0003461000
0.6650000000,0.7750000000,18439,0.0003687800
0.6650000000,0.8250000000,20388,0.0004077600
0.6650000000,0.8750000000,23715,0.0004743000
0.6650000000,0.9250000000,29889,0.0005977800
0.6650000000,0.9750000000,68811,0.0013762200
0.6750000000,0.0250000000,0,0.0000000000
0.6750000000,0.0750000000,0,0.0000000000
0.6750000000,0.1250000000,0,0.0000000000
0.6750000000,0.1750000000,3450,0.0000690000
0.6750000000,0.2250000000,13890,0.0002778000
0.6750000000,0.2750000000,16075,0.0003215000
0.6750000000,0.3250000000,15714,0.0003142800
0.6750000000,0.3750000000,15669,0.0003133800
0.6750000000,0.4250000000,15281,0.0003056200
0.6750000000,0.4750000000,14959,0.0002991800
0.6750000000,0.5250000000,15425,0.0003085000
0.6750000000,0.5750000000,15587,0.0003117400
0.6750000000,0.6250000000,15921,0.0003184200
0.6750000000,0.6750000000,16608,0.0003321600
0.6750000000,0.7250000000,17503,0.0003500600
0.6750000000,0.7750000000,18589,0.0003717800
0.6750000000,0.8250000000,20594,0.0004118800
0.6750000000,0.8750000000,23605,0.0004721000
0.6750000000,0.9250000000,30240,0.0006048000
0.6750000000,0.9750000000,69453,0.0013890600
0.6850000000,0.0250000000,0,0.0000000000
0.6850000000,0.0750000000,0,0.0000000000
0.6850000000,0.1250000000,0,0.0000000000
0.6850000000,0.1750000000,3669,0.0000733800
0.6850000000,0.2250000000,14509,0.0002901800
0.6850000000,0.2750000000,16899,0.0003379800
0.6850000000,0.3250000000,16199,0.0003239800
0.6850000000,0.3750000000,15736,0.0003147200
0.6850000000,0.4250000000,15599,0.0003119800
0.6850000000,0.4750000000,15403,0.0003080600
0.6850000000,0.5250000000,15575,0.0003115000
0.6850000000,0.5750000000,15751,0.0003150200
0.6850000000,0.6250000000,15842,0.0003168400
0.6850000000,0.6750000000,16662,0.0003332400
0.6850000000,0.7250000000,17513,0.0003502600
0.6850000000,0.7750000000,18554,0.0003710800
0.6850000000,0.8250000000,20545,0.0004109000
0.6850000000,0.8750000000,23996,0.0004799200
0.6850000000,0.9250000000,30452,0.0006090400
0.6850000000,0.9750000000,70006,0.0014001200
0.6950000000,0.0250000000,0,0.0000000000
0.6950000000,0.0750000000,0,0.0000000000
0.6950000000,0.1250000000,0,0.0000000000
0.6950000000,0.1750000000,3783,0.0000756600
0.6950000000,0.2250000000,15508,0.0003101600
0.6950000000,0.2750000000,17195,0.0003439000
0.6950000000,0.3250000000,16508,0.0003301600
0.6950000000,0.3750000000,15884,0.0003176800
0.6950000000,0.4250000000,15897,0.0003179400
0.6950000000,0.4750000000,15767,0.0003153400
0.6950000000,0.5250000000,15603,0.0003120600
0.6950000000,0.5750000000,15967,0.0003193400
0.6950000000,0.6250000000,15982,0.0003196400
0.6950000000,0.6750000000,16889,0.0003377800
0.6950000000,0.7250000000,17662,0.0003532400
0.6950000000,0.7750000000,19080,0.0003816000
0.6950000000,0.8250000000,20763,0.0004152600
0.6950000000,0.8750000000,23928,0.0004785600
0.6950000000,0.9250000000,30100,0.0006020000
0.6950000000,0.9750000000,71032,0.0014206400
0.7050000000,0.0250000000,0,0.0000000000
0.7050000000,0.0750000000,0,0.0000000000
0.7050000000,0.1250000000,0,0.0000000000
0.7050000000,0.1750000000,3843,0.0000768600
0.7050000000,0.2250000000,16639,0.0003327800
0.7050000000,0.2750000000,17344,0.0003468800
0.7050000000,0.3250000000,17214,0.0003442800
0.7050000000,0.3750000000,16458,0.0003291600
0.7050000000,0.4250000000,15911,0.0003182200
0.7050000000,0.4750000000,15797,0.0003159400
0.7050000000,0.5250000000,15836,0.0003167200
0.7050000000,0.5750000000,15855,0.0003171000
0.7050000000,0.6250000000,16430,0.0003286000
0.7050000000,0.6750000000,16846,0.0003369200
0.7050000000,0.7250000000,17758,0.0003551600
0.7050000000,0.7750000000,19444,0.0003888800
0.7050000000,0.8250000000,21102,0.0004220400
0.7050000000,0.8750000000,24285,0.0004857000
0.7050000000,0.9250000000,30490,0.0006098000
0.7050000000,0.9750000000,71907,0.0014381400
0.7150000000,0.0250000000,0,0.0000000000
0.7150000000,0.0750000000,0,0.0000000000
0.7150000000,0.1250000000,0,0.0000000000
0.7150000000,0.1750000000,3891,0.0000778200
0.7150000000,0.2250000000,17281,0.0003456200
0.7150000000,0.2750000000,18110,0.0003622000
0.7150000000,0.3250000000,17319,0.0003463800
0.7150000000,0.3750000000,16613,0.0003322600
0.7150000000,0.4250000000,16596,0.0003319200
0.7150000000,0.4750000000,16233,0.0003246600
0.7150000000,0.5250000000,15872,0.0003174400
0.7150000000,0.5750000000,16202,0.0003240400
0.7150000000,0.6250000000,16668,0.0003333600
0.7150000000,0.6750000000,17125,0.0003425000
0.7150000000,0.7250000000,17970,0.0003594000
0.7150000000,0.7750000000,19221,0.0003844200
0.7150000000,0.8250000000,21136,0.0004227200
0.7150000000,0.8750000000,24229,0.0004845800
0.7150000000,0.9250000000,30881,0.0006176200
0.7150000000,0.9750000000,72467,0.0014493400
0.7250000000,0.0250000000,0,0.0000000000
0.7250000000,0.0750000000,0,0.0000000000
0.7250000000,0.1250000000,0,0.0000000000
0.7250000000,0.1750000000,3810,0.0000762000
0.7250000000,0.2250000000,17874,0.0003574800
0.7250000000,0.2750000000,18581,0.0003716200
0.7250000000,0.3250000000,17586,0.0003517200
0.7250000000,0.3750000000,16914,0.0003382800
0.7250000000,0.4250000000,16618,0.0003323600
0.7250000000,0.4750000000,16600,0.0003320000
0.7250000000,0.5250000000,16317,0.0003263400
0.7250000000,0.5750000000,16540,0.0003308000
0.7250000000,0.6250000000,16869,0.0003373800
0.7250000000,0.6750000000,17401,0.0003480200
0.7250000000,0.7250000000,18038,0.0003607600
0.7250000000,0.7750000000,19508,0.0003901600
0.7250000000,0.8250000000,21344,0.0004268800
0.7250000000,0.8750000000,24537,0.0004907400
0.7250000000,0.9250000000,31307,0.0006261400
0.7250000000,0.9750000000,72232,0.0014446400
0.7350000000,0.0250000000,0,0.0000000000
0.7350000000,0.0750000000,0,0.0000000000
0.7350000000,0.1250000000,0,0.0000000000
0.7350000000,0.1750000000,3570,0.0000714000
0.7350000000,0.2250000000,18541,0.0003708200
0.7350000000,0.2750000000,19329,0.0003865800
0.7350000000,0.3250000000,18066,0.0003613200
0.7350000000,0.3750000000,17409,0.0003481800
0.7350000000,0.4250000000,17171,0.0003434200
0.7350000000,0.4750000000,16782,0.0003356400
0.7350000000,0.5250000000,16708,0.0003341600
0.7350000000,0.5750000000,16941,0.0003388200
0.7350000000,0.6250000000,16842,0.0003368400
0.7350000000,0.6750000000,17547,0.0003509400
0.7350000000,0.7250000000,18246,0.0003649200
0.7350000000,0.7750000000,19680,0.0003936000
0.7350000000,0.8250000000,21361,0.0004272200
0.7350000000,0.8750000000,24958,0.0004991600
0.7350000000,0.9250000000,31627,0.0006325400
0.7350000000,0.9750000000,73120,0.0014624000
0.7450000000,0.0250000000,0,0.0000000000
0.7450000000,0.0750000000,0,0.0000000000
0.7450000000,0.1250000000,0,0.0000000000
0.7450000000,0.1750000000,3384,0.0000676800
0.7450000000,0.2250000000,19027,0.0003805400
0.7450000000,0.2750000000,20041,0.0004008200
0.7450000000,0.3250000000,18539,0.0003707800
0.7450000000,0.3750000000,17965,0.0003593000
0.7450000000,0.4250000000,17489,0.0003497800
0.7450000000,0.4750000000,16875,0.0003375000
0.7450000000,0.5250000000,16882,0.0003376400
0.7450000000,0.5750000000,17032,0.0003406400
0.7450000000,0.6250000000,17460,0.0003492000
0.7450000000,0.6750000000,17661,0.0003532200
0.7450000000,0.7250000000,18482,0.0003696400
0.7450000000,0.7750000000,19581,0.0003916200
0.7450000000,0.8250000000,21935,0.0004387000
0.7450000000,0.8750000000,25300,0.0005060000
0.7450000000,0.9250000000,31963,0.0006392600
0.7450000000,0.9750000000,72677,0.0014535400
0.7550000000,0.0250000000,0,0.0000000000
0.7550000000,0.0750000000,0,0.0000000000
0.7550000000,0.1250000000,0,0.0000000000
0.7550000000,0.1750000000,3056,0.0000611200
0.7550000000,0.2250000000,19263,0.0003852600
0.7550000000,0.2750000000,20595,0.0004119000
0.7550000000,0.3250000000,19327,0.0003865400
0.7550000000,0.3750000000,18333,0.0003666600
0.7550000000,0.4250000000,17801,0.0003560200
0.7550000000,0.4750000000,17165,0.0003433000
0.7550000000,0.5250000000,17254,0.0003450800
0.7550000000,0.5750000000,17295,0.0003459000
0.7550000000,0.6250000000,17480,0.0003496000
0.7550000000,0.6750000000,17868,0.0003573600
0.7550000000,0.7250000000,18803,0.0003760600
0.7550000000,0.7750000000,20249,0.0004049800
0.7550000000,0.8250000000,22122,0.0004424400
0.7550000000,0.8750000000,25560,0.0005112000
0.7550000000,0.9250000000,32229,0.0006445800
0.7550000000,0.9750000000,72889,0.0014577800
0.7650000000,0.0250000000,0,0.0000000000
0.7650000000,0.0750000000,0,0.0000000000
0.7650000000,0.1250000000,0,0.0000000000
0.7650000000,0.1750000000,2514,0.0000502800
0.7650000000,0.2250000000,19577,0.0003915400
0.7650000000,0.2750000000,21512,0.0004302400
0.7650000000,0.3250000000,19889,0.0003977800
0.7650000000,0.3750000000,18630,0.0003726000
0.7650000000,0.4250000000,18216,0.0003643200
0.7650000000,0.4750000000,17621,0.0003524200
0.7650000000,0.5250000000,17622,0.0003524400
0.7650000000,0.5750000000,17350,0.0003470000
0.7650000000,0.6250000000,17707,0.0003541400
0.7650000000,0.6750000000,18211,0.0003642200
0.7650000000,0.7250000000,19005,0.0003801000
0.7650000000,0.7750000000,20466,0.0004093200
0.7650000000,0.8250000000,22384,0.0004476800
0.7650000000,0.8750000000,25732,0.0005146400
0.7650000000,0.9250000000,32826,0.0006565200
0.7650000000,0.9750000000,72187,0.0014437400
0.7750000000,0.0250000000,0,0.0000000000
0.7750000000,0.0750000000,0,0.0000000000
0.7750000000,0.1250000000,0,0.0000000000
0.7750000000,0.1750000000,2137,0.0000427400
0.7750000000,0.2250000000,20007,0.0004001400
0.7750000000,0.2750000000,22254,0.0004450800
0.7750000000,0.3250000000,20731,0.0004146200
0.7750000000,0.3750000000,19380,0.0003876000
0.7750000000,0.4250000000,18619,0.0003723800
0.7750000000,0.4750000000,18039,0.0003607800
0.7750000000,0.5250000000,17589,0.0003517800
0.7750000000,0.5750000000,17849,0.0003569800
0.7750000000,0.6250000000,18025,0.0003605000
0.7750000000,0.6750000000,18198,0.0003639600
0.7750000000,0.7250000000,19380,0.0003876000
0.7750000000,0.7750000000,20581,0.0004116200
0.7750000000,0.8250000000,22600,0.0004520000
0.7750000000,0.8750000000,26539,0.0005307800
0.7750000000,0.9250000000,33577,0.0006715400
0.7750000000,0.9750000000,71676,0.0014335200
0.7850000000,0.0250000000,0,0.0000000000
0.7850000000,0.0750000000,0,0.0000000000
0.7850000000,0.1250000000,0,0.0000000000
0.7850000000,0.1750000000,1773,0.0000354600
0.7850000000,0.2250000000,20340,0.0004068000
0.7850000000,0.2750000000,23708,0.0004741600
0.7850000000,0.3250000000,21355,0.0004271000
0.7850000000,0.3750000000,19784,0.0003956800
0.7850000000,0.4250000000,18911,0.0003782200
0.7850000000,0.4750000000,18457,0.0003691400
0.7850000000,0.5250000000,18015,0.0003603000
0.7850000000,0.5750000000,18320,0.0003664000
0.7850000000,0.6250000000,18370,0.0003674000
0.7850000000,0.6750000000,19044,0.0003808800
0.7850000000,0.7250000000,19806,0.0003961200
0.7850000000,0.7750000000,20976,0.0004195200
0.7850000000,0.8250000000,23316,0.0004663200
0.7850000000,0.8750000000,26579,0.0005315800
0.7850000000,0.9250000000,34932,0.0006986400
0.7850000000,0.9750000000,71492,0.0014298400
0.7950000000,0.0250000000,0,0.0000000000
0.7950000000,0.0750000000,0,0.0000000000
0.7950000000,0.1250000000,0,0.0000000000
0.7950000000,0.1750000000,1328,0.0000265600
0.7950000000,0.2250000000,21089,0.0004217800
0.7950000000,0.2750000000,25237,0.0005047400
0.7950000000,0.3250000000,22240,0.0004448000
0.7950000000,0.3750000000,20662,0.0004132400
0.7950000000,0.4250000000,19662,0.0003932400
0.7950000000,0.4750000000,19153,0.0003830600
0.7950000000,0.5250000000,18687,0.0003737400
0.7950000000,0.5750000000,18652,0.0003730400
0.7950000000,0.6250000000,18750,0.0003750000
0.7950000000,0.6750000000,19170,0.0003834000
0.7950000000,0.7250000000,20001,0.0004000200
0.7950000000,0.7750000000,21219,0.0004243800
0.7950000000,0.8250000000,23184,0.0004636800
0.7950000000,0.8750000000,27103,0.0005420600
0.7950000000,0.9250000000,35712,0.0007142400
0.7950000000,0.9750000000,70224,0.0014044800
0.8050000000,0.0250000000,0,0.0000000000
0.8050000000,0.0750000000,0,0.0000000000
0.8050000000,0.1250000000,0,0.0000000000
0.8050000000,0.1750000000,1043,0.0000208600
0.8050000000,0.2250000000,21784,0.0004356800
0.8050000000,0.2750000000,26730,0.0005346000
0.8050000000,0.3250000000,23386,0.0004677200
0.8050000000,0.3750000000,21442,0.0004288400
0.8050000000,0.4250000000,20158,0.0004031600
0.8050000000,0.4750000000,19399,0.0003879800
0.8050000000,0.5250000000,19121,0.0003824200
0.8050000000,0.5750000000,19096,0.0003819200
0.8050000000,0.6250000000,19106,0.0003821200
0.8050000000,0.6750000000,19506,0.0003901200
0.8050000000,0.7250000000,20515,0.0004103000
0.8050000000,0.7750000000,21615,0.0004323000
0.8050000000,0.8250000000,24069,0.0004813800
0.8050000000,0.8750000000,28021,0.0005604200
0.8050000000,0.9250000000,36655,0.0007331000
0.8050000000,0.9750000000,68603,0.0013720600
0.8150000000,0.0250000000,0,0.0000000000
0.8150000000,0.0750000000,0,0.0000000000
0.8150000000,0.1250000000,0,0.0000000000
0.8150000000,0.1750000000,830,0.0000166000
0.8150000000,0.2250000000,23346,0.0004669200
0.8150000000,0.2750000000,28869,0.0005773800
0.8150000000,0.3250000000,24623,0.0004924600
0.8150000000,0.3750000000,22299,0.0004459800
0.8150000000,0.4250000000,20972,0.0004194400
0.8150000000,0.4750000000,20202,0.0004040400
0.8150000000,0.5250000000,19895,0.0003979000
0.8150000000,0.5750000000,19289,0.0003857800
0.8150000000,0.6250000000,19379,0.0003875800
0.8150000000,0.6750000000,20019,0.0004003800
0.8150000000,0.7250000000,20829,0.0004165800
0.8150000000,0.7750000000,22272,0.0004454400
0.8150000000,0.8250000000,24524,0.0004904800
0.8150000000,0.8750000000,28442,0.0005688400
0.8150000000,0.9250000000,37787,0.0007557400
0.8150000000,0.9750000000,67260,0.0013452000
0.8250000000,0.0250000000,0,0.0000000000
0.8250000000,0.0750000000,0,0.0000000000
0.8250000000,0.1250000000,0,0.0000000000
0.8250000000,0.1750000000,555,0.0000111000
0.8250000000,0.2250000000,26247,0.0005249400
0.8250000000,0.2750000000,31333,0.0006266600
0.8250000000,0.3250000000,26090,0.0005218000
0.8250000000,0.3750000000,23279,0.0004655800
0.8250000000,0.4250000000,21658,0.0004331600
0.8250000000,0.4750000000,20700,0.0004140000
0.8250000000,0.5250000000,19977,0.0003995400
0.8250000000,0.5750000000,19859,0.0003971800
0.8250000000,0.6250000000,20030,0.0004006000
0.8250000000,0.6750000000,20525,0.0004105000
0.8250000000,0.7250000000,21486,0.0004297200
0.8250000000,0.7750000000,22749,0.0004549800
0.8250000000,0.8250000000,24890,0.0004978000
0.8250000000,0.8750000000,29071,0.0005814200
0.8250000000,0.9250000000,39097,0.0007819400
0.8250000000,0.9750000000,65154,0.0013030800
0.8350000000,0.0250000000,0,0.0000000000
0.8350000000,0.0750000000,0,0.0000000000
0.8350000000,0.1250000000,0,0.0000000000
0.8350000000,0.1750000000,301,0.0000060200
0.8350000000,0.2250000000,33034,0.0006606800
0.8350000000,0.2750000000,34966,0.0006993200
0.8350000000,0.3250000000,28107,0.0005621400
0.8350000000,0.3750000000,24497,0.0004899400
0.8350000000,0.4250000000,22869,0.0004573800
0.8350000000,0.4750000000,21529,0.0004305800
0.8350000000,0.5250000000,20924,0.0004184800
0.8350000000,0.5750000000,20386,0.0004077200
0.8350000000,0.6250000000,20615,0.0004123000
0.8350000000,0.6750000000,21044,0.0004208800
0.8350000000,0.7250000000,21718,0.0004343600
0.8350000000,0.7750000000,23093,0.0004618600
0.8350000000,0.8250000000,25946,0.0005189200
0.8350000000,0.8750000000,30024,0.0006004800
0.8350000000,0.9250000000,41328,0.0008265600
0.8350000000,0.9750000000,61992,0.0012398400
0.8450000000,0.0250000000,0,0.0000000000
0.8450000000,0.0750000000,0,0.0000000000
0.8450000000,0.1250000000,0,0.0000000000
0.8450000000,0.1750000000,0,0.0000000000
0.8450000000,0.2250000000,38034,0.0007606800
0.8450000000,0.2750000000,40662,0.0008132400
0.8450000000,0.3250000000,30555,0.0006111000
0.8450000000,0.3750000000,25985,0.0005197000
0.8450000000,0.4250000000,23768,0.0004753600
0.8450000000,0.4750000000,21940,0.0004388000
0.8450000000,0.5250000000,21614,0.0004322800
0.8450000000,0.5750000000,21045,0.0004209000
0.8450000000,0.6250000000,21099,0.0004219800
0.8450000000,0.6750000000,21564,0.0004312800
0.8450000000,0.7250000000,22231,0.0004446200
0.8450000000,0.7750000000,23821,0.0004764200
0.8450000000,0.8250000000,26548,0.0005309600
0.8450000000,0.8750000000,31250,0.0006250000
0.8450000000,0.9250000000,43486,0.0008697200
0.8450000000,0.9750000000,58906,0.0011781200
0.8550000000,0.0250000000,0,0.0000000000
0.8550000000,0.0750000000,0,0.0000000000
0.8550000000,0.1250000000,0,0.0000000000
0.8550000000,0.1750000000,0,0.0000000000
0.8550000000,0.2250000000,29039,0.0005807800
0.8550000000,0.2750000000,51602,0.0010320400
0.8550000000,0.3250000000,34320,0.0006864000
0.8550000000,0.3750000000,27998,0.0005599600
0.8550000000,0.4250000000,24987,0.0004997400
0.8550000000,0.4750000000,22860,0.0004572000
0.8550000000,0.5250000000,22383,0.0004476600
0.8550000000,0.5750000000,21972,0.0004394400
0.8550000000,0.6250000000,21543,0.0004308600
0.8550000000,0.6750000000,21997,0.0004399400
0.8550000000,0.7250000000,23144,0.0004628800
0.8550000000,0.7750000000,24491,0.0004898200
0.8550000000,0.8250000000,27069,0.0005413800
0.8550000000,0.8750000000,32330,0.0006466000
0.8550000000,0.9250000000,46167,0.0009233400
0.8550000000,0.9750000000,55003,0.0011000600
0.8650000000,0.0250000000,0,0.0000000000
0.8650000000,0.0750000000,0,0.0000000000
0.8650000000,0.1250000000,0,0.0000000000
0.8650000000,0.1750000000,0,0.0000000000
0.8650000000,0.2250000000,1457,0.0000291400
0.8650000000,0.2750000000,73747,0.0014749400
0.8650000000,0.3250000000,38862,0.0007772400
0.8650000000,0.3750000000,30193,0.0006038600
0.8650000000,0.4250000000,26553,0.0005310600
0.8650000000,0.4750000000,24395,0.0004879000
0.8650000000,0.5250000000,23253,0.0004650600
0.8650000000,0.5750000000,22509,0.0004501800
0.8650000000,0.6250000000,22579,0.0004515800
0.8650000000,0.6750000000,22854,0.0004570800
0.8650000000,0.7250000000,23850,0.0004770000
0.8650000000,0.7750000000,25170,0.0005034000
0.8650000000,0.8250000000,27814,0.0005562800
0.8650000000,0.8750000000,33763,0.0006752600
0.8650000000,0.9250000000,50390,0.0010078000
0.8650000000,0.9750000000,48361,0.0009672200
0.8750000000,0.0250000000,0,0.0000000000
0.8750000000,0.0750000000,0,0.0000000000
0.8750000000,0.1250000000,0,0.0000000000
0.8750000000,0.1750000000,0,0.0000000000
0.8750000000,0.2250000000,0,0.0000000000
0.8750000000,0.2750000000,58623,0.0011724600
0.8750000000,0.3250000000,47530,0.0009506000
0.8750000000,0.3750000000,33361,0.0006672200
0.8750000000,0.4250000000,28405,0.0005681000
0.8750000000,0.4750000000,25779,0.0005155800
0.8750000000,0.5250000000,24229,0.0004845800
0.8750000000,0.5750000000,23610,0.0004722000
0.8750000000,0.6250000000,23608,0.0004721600
0.8750000000,0.6750000000,23624,0.0004724800
0.8750000000,0.7250000000,24659,0.0004931800
0.8750000000,0.7750000000,26361,0.0005272200
0.8750000000,0.8250000000,29241,0.0005848200
0.8750000000,0.8750000000,35397,0.0007079400
0.8750000000,0.9250000000,55904,0.0011180800
0.8750000000,0.9750000000,40440,0.0008088000
0.8850000000,0.0250000000,0,0.0000000000
0.8850000000,0.0750000000,0,0.0000000000
0.8850000000,0.1250000000,0,0.0000000000
0.8850000000,0.1750000000,0,0.0000000000
0.8850000000,0.2250000000,0,0.0000000000
0.8850000000,0.2750000000,20449,0.0004089800
0.8850000000,0.3250000000,71642,0.0014328400
0.8850000000,0.3750000000,37954,0.0007590800
0.8850000000,0.4250000000,30959,0.0006191800
0.8850000000,0.4750000000,27161,0.0005432200
0.8850000000,0.5250000000,25554,0.0005110800
0.8850000000,0.5750000000,24547,0.0004909400
0.8850000000,0.6250000000,24212,0.0004842400
0.8850000000,0.6750000000,24279,0.0004855800
0.8850000000,0.7250000000,25481,0.0005096200
0.8850000000,0.7750000000,27206,0.0005441200
0.8850000000,0.8250000000,30462,0.0006092400
0.8850000000,0.8750000000,37220,0.0007444000
0.8850000000,0.9250000000,65907,0.0013181400
0.8850000000,0.9750000000,27233,0.0005446600
0.8950000000,0.0250000000,0,0.0000000000
0.8950000000,0.0750000000,0,0.0000000000
0.8950000000,0.1250000000,0,0.0000000000
0.8950000000,0.1750000000,0,0.0000000000
0.8950000000,0.2250000000,0,0.0000000000
0.8950000000,0.2750000000,0,0.0000000000
0.8950000000,0.3250000000,72439,0.0014487800
0.8950000000,0.3750000000,45470,0.0009094000
0.8950000000,0.4250000000,33727,0.0006745400
0.8950000000,0.4750000000,29062,0.0005812400
0.8950000000,0.5250000000,27303,0.0005460600
0.8950000000,0.5750000000,25586,0.0005117200
0.8950000000,0.6250000000,25152,0.0005030400
0.8950000000,0.6750000000,25546,0.0005109200
0.8950000000,0.7250000000,26263,0.0005252600
0.8950000000,0.7750000000,28323,0.0005664600
0.8950000000,0.8250000000,32094,0.0006418800
0.8950000000,0.8750000000,39848,0.0007969600
0.8950000000,0.9250000000,86646,0.0017329200
0.8950000000,0.9750000000,2756,0.0000551200
0.9050000000,0.0250000000,0,0.0000000000
0.9050000000,0.0750000000,0,0.0000000000
0.9050000000,0.1250000000,0,0.0000000000
0.9050000000,0.1750000000,0,0.0000000000
0.9050000000,0.2250000000,0,0.0000000000
0.9050000000,0.2750000000,0,0.0000000000
0.9050000000,0.3250000000,39937,0.0007987400
0.9050000000,0.3750000000,62719,0.0012543800
0.9050000000,0.4250000000,38102,0.0007620400
0.9050000000,0.4750000000,31946,0.0006389200
0.9050000000,0.5250000000,28791,0.0005758200
0.9050000000,0.5750000000,27393,0.0005478600
0.9050000000,0.6250000000,26385,0.0005277000
0.9050000000,0.6750000000,26751,0.0005350200
0.9050000000,0.7250000000,27737,0.0005547400
0.9050000000,0.7750000000,29503,0.0005900600
0.9050000000,0.8250000000,33608,0.0006721600
0.9050000000,0.8750000000,43246,0.0008649200
0.9050000000,0.9250000000,83546,0.0016709200
0.9050000000,0.9750000000,0,0.0000000000
0.9150000000,0.0250000000,0,0.0000000000
0.9150000000,0.0750000000,0,0.0000000000
0.9150000000,0.1250000000,0,0.0000000000
0.9150000000,0.1750000000,0,0.0000000000
0.9150000000,0.2250000000,0,0.0000000000
0.9150000000,0.2750000000,0,0.0000000000
0.9150000000,0.3250000000,0,0.0000000000
0.9150000000,0.3750000000,83009,0.0016601800
0.9150000000,0.4250000000,45681,0.0009136200
0.9150000000,0.4750000000,35123,0.0007024600
0.9150000000,0.5250000000,30995,0.0006199000
0.9150000000,0.5750000000,28930,0.0005786000
0.9150000000,0.6250000000,28233,0.0005646600
0.9150000000,0.6750000000,27979,0.0005595800
0.9150000000,0.7250000000,29396,0.0005879200
0.9150000000,0.7750000000,31400,0.0006280000
0.9150000000,0.8250000000,36097,0.0007219400
0.9150000000,0.8750000000,47448,0.0009489600
0.9150000000,0.9250000000,76217,0.0015243400
0.9150000000,0.9750000000,0,0.0000000000
0.9250000000,0.0250000000,0,0.0000000000
0.9250000000,0.0750000000,0,0.0000000000
0.9250000000,0.1250000000,0,0.0000000000
0.9250000000,0.1750000000,0,0.0000000000
0.9250000000,0.2250000000,0,0.0000000000
0.9250000000,0.2750000000,0,0.0000000000
0.9250000000,0.3250000000,0,0.0000000000
0.9250000000,0.3750000000,50470,0.0010094000
0.9250000000,0.4250000000,61804,0.0012360800
0.9250000000,0.4750000000,40118,0.0008023600
0.9250000000,0.5250000000,33949,0.0006789800
0.9250000000,0.5750000000,31040,0.0006208000
0.9250000000,0.6250000000,30069,0.0006013800
0.9250000000,0.6750000000,29747,0.0005949400
0.9250000000,0.7250000000,31108,0.0006221600
0.9250000000,0.7750000000,33245,0.0006649000
0.9250000000,0.8250000000,38892,0.0007778400
0.9250000000,0.8750000000,54187,0.0010837400
0.9250000000,0.9250000000,65796,0.0013159200
0.9250000000,0.9750000000,0,0.0000000000
0.9350000000,0.0250000000,0,0.0000000000
0.9350000000,0.0750000000,0,0.0000000000
0.9350000000,0.1250000000,0,0.0000000000
0.9350000000,0.1750000000,0,0.0000000000
0.9350000000,0.2250000000,0,0.0000000000
0.9350000000,0.2750000000,0,0.0000000000
0.9350000000,0.3250000000,0,0.0000000000
0.9350000000,0.3750000000,1257,0.0000251400
0.9350000000,0.4250000000,88662,0.0017732400
0.9350000000,0.4750000000,48802,0.0009760400
0.9350000000,0.5250000000,38458,0.0007691600
0.9350000000,0.5750000000,34061,0.0006812200
0.9350000000,0.6250000000,31991,0.0006398200
0.9350000000,0.6750000000,31775,0.0006355000
0.9350000000,0.7250000000,32949,0.0006589800
0.9350000000,0.7750000000,35862,0.0007172400
0.9350000000,0.8250000000,41985,0.0008397000
0.9350000000,0.8750000000,65251,0.0013050200
0.9350000000,0.9250000000,48504,0.0009700800
0.9350000000,0.9750000000,0,0.0000000000
0.9450000000,0.0250000000,0,0.0000000000
0.9450000000,0.0750000000,0,0.0000000000
0.9450000000,0.1250000000,0,0.0000000000
0.9450000000,0.1750000000,0,0.0000000000
0.9450000000,0.2250000000,0,0.0000000000
0.9450000000,0.2750000000,0,0.0000000000
0.9450000000,0.3250000000,0,0.0000000000
0.9450000000,0.3750000000,0,0.0000000000
0.9450000000,0.4250000000,49506,0.0009901200
0.9450000000,0.4750000000,70564,0.0014112800
0.9450000000,0.5250000000,44284,0.0008856800
0.9450000000,0.5750000000,37777,0.0007555400
0.9450000000,0.6250000000,35505,0.0007101000
0.9450000000,0.6750000000,34628,0.0006925600
0.9450000000,0.7250000000,35586,0.0007117200
0.9450000000,0.7750000000,38883,0.0007776600
0.9450000000,0.8250000000,47633,0.0009526600
0.9450000000,0.8750000000,94812,0.0018962400
0.9450000000,0.9250000000,10982,0.0002196400
0.9450000000,0.9750000000,0,0.0000000000
0.9550000000,0.0250000000,0,0.0000000000
0.9550000000,0.0750000000,0,0.0000000000
0.9550000000,0.1250000000,0,0.0000000000
0.9550000000,0.1750000000,0,0.0000000000
0.9550000000,0.2250000000,0,0.0000000000
0.9550000000,0.2750000000,0,0.0000000000
0.9550000000,0.3250000000,0,0.0000000000
0.9550000000,0.3750000000,0,0.0000000000
0.9550000000,0.4250000000,0,0.0000000000
0.9550000000,0.4750000000,91666,0.0018333200
0.9550000000,0.5250000000,56297,0.0011259400
0.9550000000,0.5750000000,43388,0.0008677600
0.9550000000,0.6250000000,39169,0.0007833800
0.9550000000,0.6750000000,37728,0.0007545600
0.9550000000,0.7250000000,39273,0.0007854600
0.9550000000,0.7750000000,43432,0.0008686400
0.9550000000,0.8250000000,55589,0.0011117800
0.9550000000,0.8750000000,92465,0.0018493000
0.9550000000,0.9250000000,0,0.0000000000
0.9550000000,0.9750000000,0,0.0000000000
0.9650000000,0.0250000000,0,0.0000000000
0.9650000000,0.0750000000,0,0.0000000000
0.9650000000,0.1250000000,0,0.0000000000
0.9650000000,0.1750000000,0,0.0000000000
0.9650000000,0.2250000000,0,0.0000000000
0.9650000000,0.2750000000,0,0.0000000000
0.9650000000,0.3250000000,0,0.0000000000
0.9650000000,0.3750000000,0,0.0000000000
0.9650000000,0.4250000000,0,0.0000000000
0.9650000000,0.4750000000,28732,0.0005746400
0.9650000000,0.5250000000,93725,0.0018745000
0.9650000000,0.5750000000,53606,0.0010721200
0.9650000000,0.6250000000,45773,0.0009154600
0.9650000000,0.6750000000,43092,0.0008618400
0.9650000000,0.7250000000,44206,0.0008841200
0.9650000000,0.7750000000,50166,0.0010033200
0.9650000000,0.8250000000,71281,0.0014256200
0.9650000000,0.8750000000,68918,0.0013783600
0.9650000000,0.9250000000,0,0.0000000000
0.9650000000,0.9750000000,0,0.0000000000
0.9750000000,0.0250000000,0,0.0000000000
0.9750000000,0.0750000000,0,0.0000000000
0.9750000000,0.1250000000,0,0.0000000000
0.9750000000,0.1750000000,0,0.0000000000
0.9750000000,0.2250000000,0,0.0000000000
0.9750000000,0.2750000000,0,0.0000000000
0.9750000000,0.3250000000,0,0.0000000000
0.9750000000,0.3750000000,0,0.0000000000
0.9750000000,0.4250000000,0,0.0000000000
0.9750000000,0.4750000000,0,0.0000000000
0.9750000000,0.5250000000,69587,0.0013917400
0.9750000000,0.5750000000,83536,0.0016707200
0.9750000000,0.6250000000,56772,0.0011354400
0.9750000000,0.6750000000,51541,0.0010308200
0.9750000000,0.7250000000,52241,0.0010448200
0.9750000000,0.7750000000,62003,0.0012400600
0.9750000000,0.8250000000,114076,0.0022815200
0.9750000000,0.8750000000,11523,0.0002304600
0.9750000000,0.9250000000,0,0.0000000000
0.9750000000,0.9750000000,0,0.0000000000
0.9850000000,0.0250000000,0,0.0000000000
0.9850000000,0.0750000000,0,0.0000000000
0.9850000000,0.1250000000,0,0.0000000000
0.9850000000,0.1750000000,0,0.0000000000
0.9850000000,0.2250000000,0,0.0000000000
0.9850000000,0.2750000000,0,0.0000000000
0.9850000000,0.3250000000,0,0.0000000000
0.9850000000,0.3750000000,0,0.0000000000
0.9850000000,0.4250000000,0,0.0000000000
0.9850000000,0.4750000000,0,0.0000000000
0.9850000000,0.5250000000,0,0.0000000000
0.9850000000,0.5750000000,97384,0.0019476800
0.9850000000,0.6250000000,89561,0.0017912200
0.9850000000,0.6750000000,68001,0.0013600200
0.9850000000,0.7250000000,69081,0.0013816200
0.9850000000,0.7750000000,94995,0.0018999000
0.9850000000,0.8250000000,82372,0.0016474400
0.9850000000,0.8750000000,0,0.0000000000
0.9850000000,0.9250000000,0,0.0000000000
0.9850000000,0.9750000000,0,0.0000000000
0.9950000000,0.0250000000,0,0.0000000000
0.9950000000,0.0750000000,0,0.0000000000
0.9950000000,0.1250000000,0,0.0000000000
0.9950000000,0.1750000000,0,0.0000000000
0.9950000000,0.2250000000,0,0.0000000000
0.9950000000,0.2750000000,0,0.0000000000
0.9950000000,0.3250000000,0,0.0000000000
0.9950000000,0.3750000000,0,0.0000000000
0.9950000000,0.4250000000,0,0.0000000000
0.9950000000,0.4750000000,0,0.0000000000
0.9950000000,0.5250000000,0,0.0000000000
0.9950000000,0.5750000000,0,0.0000000000
0.9950000000,0.6250000000,87654,0.0017530800
0.9950000000,0.6750000000,146746,0.0029349200
0.9950000000,0.7250000000,156322,0.0031264400
0.9950000000,0.7750000000,108003,0.0021600600
0.9950000000,0.8250000000,0,0.0000000000
0.9950000000,0.8750000000,0,0.0000000000
0.9950000000,0.9250000000,0,0.0000000000
0.9950000000,0.9750000000,0,0.0000000000
